2n1c1m;2n1c2m;2n1c3m;2n2c1m;2n2c3m;2n2c5m;3n1c1m;3n1c3m;3n1c5m;3n2c1m;3n2c5m;3n2c7m;3n3c2m;3n3c6m;3n3c10m;4n1c1m;4n1c4m;4n1c6m;4n2c2m;4n2c6m;4n2c10m;4n3c2m;4n3c8m;4n3c13m;4n4c3m;4n4c10m;4n4c16m;5n1c1m;5n1c5m;5n1c8m;5n2c2m;5n2c8m;5n2c12m;5n3c3m;5n3c10m;5n3c16m;5n4c3m;5n4c13m;5n4c20m;5n5c4m;5n5c15m;5n5c24m;6n1c2m;6n1c6m;6n1c10m;6n2c2m;6n2c9m;6n2c15m;6n3c3m;6n3c12m;6n3c20m;6n4c4m;6n4c15m;6n4c24m;6n5c5m;6n5c18m;6n5c29m;6n6c6m;6n6c21m;6n6c34m
11400;28500;;13200;10900;30100;17500;45300;72100;16000;149800;55400;18700;197600;221700;31300;117300;87200;57600;57700;73200;38900;42200;82500;19300;52300;71400;51300;76800;112600;33700;341800;292500;38300;72600;86700;35200;71700;147100;72900;365300;148600;70400;136000;248100;;49700;324100;43000;740400;196300;28200;86300;169500;207900;;168400;78700;81400;154200
22500;11800;;8000;11800;36300;14501;40600;64300;38700;23300;56601;15700;13100;63401;27500;92900;81300;29900;28600;122500;54800;35400;76500;38800;42500;65200;64900;71100;94400;35700;270000;106000;30300;72600;159100;25500;87000;110700;23800;289800;109500;52500;99000;241300;;52300;311600;32200;473200;166800;33900;76300;168900;146400;544000;162200;57600;76600;145300
35500;20800;;8200;15900;46900;28000;31400;81700;15200;19300;40000;15900;27900;68000;35100;90400;74800;45800;36800;83600;52400;41200;70600;14400;62500;55100;34300;104700;94800;53700;84400;116500;26600;72600;147900;32600;74300;138200;43800;274300;205500;55800;102400;255900;;110100;235600;28400;342000;290800;34300;60800;336300;41000;;1360100;38700;83600;182300
12100;14400;;93000;8100;57900;15600;40800;73201;11101;;46900;22000;10200;59000;23400;80200;100800;27400;30700;76600;39400;37500;88900;37800;78500;47800;35000;132400;95600;50400;51200;190400;29500;271900;172100;23500;69200;132500;45700;643100;128600;106300;92300;201100;;57900;257700;41300;321600;234800;53600;77700;239700;28000;;1365400;36800;72800;177100
16600;8500;28100;4400;6100;27900;14101;39200;64800;15500;54200;52400;24199;181100;166800;33700;37400;85900;28400;43000;225400;43400;38600;82300;17200;40700;63100;32000;75500;95600;44200;59300;162700;73200;78300;130100;48800;72300;;56300;69000;124400;170500;52700;253600;;78000;218100;50200;295000;153200;124300;92300;182800;34100;;124700;39800;90800;205300
18600;45400;23700;3500;112400;66200;11000;20800;61000;12300;17600;49001;43100;128600;74001;23100;77000;61800;29300;41700;88300;31300;36100;75400;16500;49900;156200;38200;78000;120100;47600;102500;162500;83100;59700;130100;63800;89600;;47000;56300;124400;60500;67100;250500;;113300;229600;64300;298300;181800;145600;49800;;70100;;141700;53200;90800;206400
12200;57400;21100;6700;88300;71000;41500;;142301;11001;21599;49800;12000;126600;91600;36000;56200;91300;36400;27700;92600;45600;200400;133300;15400;32000;1283100;57100;172600;120100;28000;98100;156400;51400;71200;130100;21800;89600;174100;44200;48100;124400;28200;67100;229300;;;197700;68500;44800;165700;78400;61900;;66700;615300;184900;112300;727300;205200
15100;27700;16700;5900;7900;29000;25201;70401;222900;19900;72600;49800;9000;12001;75399;23200;51000;76100;33600;27700;90300;57300;88900;135400;16700;35300;60000;55800;234600;244900;31700;76600;156400;52800;56700;130100;59700;317200;;53900;38200;124400;34500;67100;210500;;284700;203700;66100;46200;172600;77000;81500;;66000;56700;117400;50400;727300;223800
12900;14400;18400;5400;14100;38300;29199;62000;168100;27699;92000;300600;12401;34100;62701;23300;51000;76100;46300;27700;84400;52300;152500;162800;32900;611300;1215900;25700;95700;;34200;59200;156400;56400;68500;130100;46200;47300;;55000;39600;106700;;224500;225100;;661300;203700;66300;63200;197200;57000;870500;852100;55400;32700;155000;45300;910000;203200
7000;6700;22100;5900;30500;33700;28000;52100;77800;28501;48001;253501;37900;127700;63999;21200;51000;90200;47800;27700;82300;30500;152500;69000;13200;24100;959900;25500;162300;103700;27300;584000;156400;53500;60400;130100;50100;56100;129300;56800;58000;104400;47500;315100;225100;;339700;203700;67500;51400;176400;78600;767900;732700;68600;39200;170300;48500;309600;301300
41700;5300;22100;5500;6100;30400;17600;57799;67601;11700;21500;253501;23200;27401;58699;19500;51000;90200;25800;27700;79400;31100;152500;137200;;22700;84300;28700;162300;98400;26400;248500;123100;53600;61400;169700;41300;52300;123200;63400;60500;122100;67400;280600;225100;;61900;203700;57400;212000;174000;68200;799000;149200;69200;46800;178600;56500;;1240600
16400;14300;99300;5300;7400;62100;37000;68600;60200;20799;16000;232600;18400;43599;95000;19400;51000;90200;34600;27700;78700;139400;152500;86500;26700;23800;90400;25200;162300;96200;33800;278600;95700;54100;61400;177600;46600;55100;133800;49000;659000;131400;32500;276000;225100;;84600;203700;58500;61300;174000;64100;664700;213400;69000;61300;137400;35500;;1432800
26600;32000;19800;10800;;55900;11001;82799;90301;27901;24701;51800;27001;25299;67000;30000;51000;796000;57100;27700;91200;47000;152500;67600;32400;45200;56300;23900;;123400;27400;54000;111300;53200;888900;168800;58500;48300;113500;53900;375200;138500;29900;105300;225100;;69500;203700;68300;279600;174000;67600;594000;152300;67200;61300;131900;28400;;1232500
45100;6100;15700;13700;128500;30300;38700;63200;56600;20701;155000;37600;28500;36099;60000;32900;51000;70500;67600;27700;84000;;280000;87000;26500;66900;53800;22900;;97400;39900;51700;117000;51000;;100300;44500;46700;127800;28300;518400;114400;25700;113200;225100;;76900;203700;67500;337500;174000;68700;37600;1220500;62100;61300;138600;208600;;1646700
13000;8600;26800;21700;19700;38100;28400;41500;63599;25300;26599;50901;23500;28700;62900;16500;143000;59100;45000;34600;90900;63200;299100;89200;37300;37600;57700;33000;;109300;63300;60300;110700;53800;239900;150800;51100;54000;99600;59000;310500;157500;45100;81400;225100;;66500;203700;37300;47600;174000;28600;47000;1027300;60200;61300;161100;204800;;1847400
30500;34600;50500;15400;13500;28400;26900;45600;59500;26400;21399;45400;30400;20200;60499;66100;52000;56800;52500;33900;76900;64100;217100;82900;31000;330000;54400;50100;;134600;31200;53600;151000;53600;239900;91000;61100;310400;194800;56300;64200;157500;30300;70500;229200;;62300;203700;65300;89400;260800;63500;71800;148300;67500;564100;159200;68200;;1847400
30500;6900;17100;20300;22600;64300;26799;50301;77999;26901;21600;46300;21099;36801;561200;36900;44900;57200;41200;32300;88100;29300;255700;81500;37000;188900;56200;53800;104900;123400;39800;61000;112400;25200;207700;105300;44800;333100;95800;42600;59700;157500;29900;72700;244000;;42800;231400;72700;87500;165500;64500;54600;146000;57900;447700;165800;59500;1052500;1847400
30500;6200;23600;9900;10100;34400;27000;49299;58899;30800;21500;39599;24700;69000;470499;38000;46300;65700;38600;25400;81700;41800;277300;74700;30600;186900;59700;26700;78100;;60000;59900;161800;27500;207700;85100;68300;487100;;39700;50100;149700;47900;92600;158000;;42800;236200;31200;83300;177300;64800;52200;;70200;391100;172600;67900;1006700;1847400
30500;25700;20600;16700;7900;38300;16400;50401;68400;28200;26099;34199;8500;151100;493901;108800;50400;218800;40300;22200;90900;39300;27800;135700;43300;162800;56200;47600;59300;99900;38100;285100;161800;;;118100;46400;468200;;42500;59900;132600;26400;346000;179700;;42800;286600;58000;605800;299300;64100;702500;164600;54400;464800;166200;59900;;1847400
30500;13600;37600;6900;4400;90700;17100;47600;66700;27299;35499;179799;26300;11000;67900;36700;37000;77500;29400;33900;83300;64400;20900;81400;37300;37300;94300;45600;57100;98400;51000;294300;161800;30900;31200;122100;34400;546200;;29900;49100;119800;30800;184200;487100;;42800;195300;74400;611900;288400;62800;429500;150600;69200;377800;165100;69100;1349300;127500
8600;32400;20000;7700;8600;63500;27200;21700;62800;26600;54200;152600;22900;20600;60200;39900;96400;77500;20400;20200;93400;125600;26900;103500;36500;64800;59000;27000;52300;107700;64000;380000;161800;49400;39100;149700;50400;48200;;24100;49900;117200;43500;395600;222300;;359100;246600;69400;577600;267300;69100;601600;128100;70300;412900;759300;68200;1130600;157700
20200;18200;19900;6500;6000;27500;23800;94100;70501;36800;104500;122700;21500;72501;60299;41900;28600;572700;22000;20200;114000;49800;36400;103500;14000;48900;58400;118200;73700;116300;53800;369400;161800;25200;48500;119200;45400;33700;;45100;54400;139800;29500;516500;233800;;38100;235500;69400;411800;324500;78200;53000;208500;68600;463800;134700;69900;1197100;175900
10400;24400;17100;13400;7700;38100;25100;83300;102100;35200;17701;45400;18400;35400;64400;41000;81600;500700;65900;20200;1060300;61500;54000;260400;18000;42800;55700;45900;210800;100900;66000;226400;161800;26500;44900;156600;36100;38700;211500;23300;54400;144400;29900;;222400;;105000;154200;65200;59800;280400;61400;51300;131400;68000;417500;180300;68500;979500;227300
19700;47800;27500;8900;4600;33700;27000;107800;65000;34901;20100;36800;33500;158100;63299;44200;53200;70400;65900;485100;1100700;26700;34100;198800;33400;673400;49400;42000;128900;222300;56800;215700;102700;53000;44200;142200;48000;38500;160000;45800;54400;204500;51300;481300;216800;;78000;152500;69100;60100;290100;69700;48100;1186500;66900;445200;180300;73700;1096900;292100
23000;19700;18100;6700;13300;34300;10001;26700;59699;34900;28001;44200;12200;15100;69200;40200;141900;54800;65900;30800;714400;47300;22900;163400;23000;276600;50400;42200;153600;121800;51700;261300;156400;50800;242100;98300;20300;283100;126000;32400;54400;208600;36700;373500;186000;;74300;167400;54800;73800;289400;63900;60300;149500;67100;579400;1241100;67100;1019200;223900
7600;22400;29400;12000;9200;49100;34700;53400;124800;27899;23900;40100;9400;23299;57399;32800;43200;62900;18100;26400;143400;52100;25700;87800;32800;90700;59200;22400;75100;181200;43200;73800;174800;48800;367000;125000;46600;267600;132100;63100;54400;177100;38500;524400;209700;;52900;154900;85400;59000;186300;44700;76900;113100;69000;445100;1465900;66900;1022200;202800
9900;13000;58300;19500;12100;96400;38000;57399;59500;18701;23000;35401;13800;116201;59800;24300;30700;95600;35000;46900;91900;52100;33800;71700;38600;21200;70900;50900;104300;97700;35800;48000;111300;120200;253000;150500;36300;267600;136700;51700;272700;177500;45300;71300;155100;;56500;156800;67400;42300;889500;57900;35700;141200;66400;394600;169500;68500;1022700;276200
5800;16300;45400;6600;23100;29900;26800;55601;59400;20001;20099;65501;25201;95300;261200;40700;98600;84600;37500;66800;94100;93000;59000;80300;36600;60400;58200;51700;82300;97700;47000;61400;126100;50400;48600;150500;42200;51200;114200;41300;538900;177500;25000;62500;155100;;56500;156800;70700;60000;170300;68000;464600;118600;68400;417500;119900;68600;1241100;165900
8600;21400;116400;24800;5400;30000;26899;55900;56500;9001;31801;63899;16299;9500;375900;43000;44000;77500;38300;55200;94100;25300;37100;80000;18200;33000;75200;50200;60200;184100;62900;52300;139300;44600;42400;150500;32700;39800;135300;47100;600200;177500;30000;76200;155100;79400;56500;156800;57700;350200;158900;55400;527800;248100;68200;528800;148700;61900;1396700;187400
13400;40000;20900;12200;14500;29100;32100;19299;59200;34000;42399;41101;28600;10601;60301;39200;54200;79400;48700;33300;94100;40300;278400;82300;41700;33000;90200;24300;72300;186400;48100;155900;116800;49800;42100;150500;32500;44500;115600;43000;319500;177500;28900;75300;155100;104600;56500;156800;60200;396000;160100;66600;718600;150800;67000;601800;129500;67600;849300;128500
15200;35700;18500;10200;7800;30700;24000;16600;63800;26399;24000;34800;26900;17100;57800;42000;44100;79400;51700;33300;92700;38800;279400;85300;33700;47200;59000;25000;61600;101200;37400;320500;97500;49800;43300;126900;45500;59400;114500;53500;313800;126100;57100;244300;155100;74200;56500;156800;65600;416700;189300;66800;717900;181600;67600;1090500;181900;69300;697300;128500
12300;7800;18800;14200;6400;38100;22200;21001;60400;20801;21800;42600;36500;30500;62800;40300;31400;494900;38500;622900;153100;40100;198600;76500;122000;47200;839600;18700;134600;158200;63300;302500;423100;40700;51700;123900;38500;78900;171900;62000;42600;121000;61900;387500;155100;76000;56500;156800;67500;397500;455800;68500;447300;122700;67700;838900;115900;63000;761200;128500
11100;7300;18300;5300;7000;193800;17700;14599;184000;18899;18599;46500;17501;45100;57000;25100;42200;82800;43900;43400;82000;40000;34700;144600;17200;60800;66200;20900;148100;165700;61900;54100;423100;54800;202500;208900;44200;62500;166300;55100;39900;117200;28500;303800;155100;74900;240700;156800;67200;289000;204300;68900;465100;107400;67400;814400;443000;76400;1154500;128500
13800;6800;18300;20700;4900;246600;28601;14599;78800;28599;14700;35700;13901;13300;61700;43700;78000;110800;40100;38100;97200;41200;21100;907100;34400;657900;56300;50600;131000;160700;59400;62300;423100;54800;202800;155500;28500;62500;166300;55300;36700;133700;29900;312600;167400;71700;417000;989500;79700;257800;208200;66600;51800;;67300;48900;123400;68000;805200;128500
23000;5900;18300;12300;47400;42800;29700;17300;253000;22400;29600;37000;30300;40501;60800;42600;55300;62600;40300;38300;77000;18200;20900;907100;33900;645600;56300;42400;71600;122400;56000;52800;423100;46500;42100;127200;21300;865900;166300;44400;38200;203300;29400;963600;208400;85500;65800;171700;84500;49900;199700;67600;52800;708900;65400;81100;1333100;65300;1218900;128500
13700;6400;49700;7100;41600;38300;27601;16000;65500;27300;16801;39500;32501;16000;70501;43000;121500;54600;28100;49300;79700;21400;21500;189700;32100;599600;56300;50200;72400;261000;56600;64100;147200;39000;573300;133100;51600;257800;;55100;310600;159400;60400;355900;177700;76300;48300;174100;67400;50800;372000;68000;42800;137000;67900;386800;154200;67000;997000;68687600
13900;3000;26500;14400;7200;32700;35401;15799;60299;27501;32600;44400;26500;36199;352200;40600;56800;64200;43700;46400;119600;16600;166000;86600;34700;50200;100100;45100;87400;110800;55700;44600;289300;39000;303000;167900;48000;299600;149900;54100;449300;157800;32500;719100;176000;74800;58700;186900;72700;54800;196300;67300;47300;100900;66100;574200;175500;72700;1131200;1353100
13400;10100;28400;12600;6000;31200;27201;10800;61101;27299;24700;333701;27900;41199;59800;28800;35800;76200;47500;35900;85100;37800;207000;84900;43200;49100;99700;43200;65000;97000;53700;261700;100200;41200;217400;169800;47200;421300;156300;55600;761600;149400;29000;305600;289900;85100;86200;151000;70500;47100;243500;66900;660600;124200;67800;453100;160200;63500;990500;189500
21600;32600;24200;11600;13900;104600;19400;13000;55100;18600;19501;47200;38000;37600;56000;43100;50700;61000;41800;66300;154500;49100;280800;127200;36300;255300;205000;23700;53500;129800;25600;344400;120300;51200;509600;166600;45100;469400;104000;46800;39300;149400;48900;346400;236300;54300;72700;259900;67800;76500;149100;71300;494700;151300;75500;417600;182500;68000;1145400;237800
14000;11100;27200;4900;10000;75800;10900;13401;58901;27000;24700;39400;20699;106600;59899;42600;44700;100500;54100;45900;93400;39500;30500;136700;34700;56400;121400;21500;149700;89700;38300;35300;104300;50200;43400;220200;49700;42800;91800;53600;492900;149400;46100;140300;219700;62700;82400;268600;66700;69500;212700;63900;549200;659700;68300;448000;156500;74700;954000;224800
8200;29300;33200;8800;9900;76100;33801;17199;63300;27099;26700;39100;12200;12500;90700;44300;50900;100500;41500;45900;93800;34700;17000;75900;37100;29900;116900;25300;143300;110300;45100;42700;98100;24500;43100;220200;44700;59300;87400;20400;455200;149400;27300;175600;239100;59900;68300;170100;67400;278600;184400;61500;491400;1147700;67200;472100;125400;68400;1045000;228700
13300;28400;29700;14900;10400;132100;21800;47500;62601;29900;51500;43601;35100;12299;60300;40400;44500;67100;31800;211100;130200;35300;24800;164500;18100;546900;66500;44200;68000;100000;53600;44200;149200;43200;46600;147000;22200;61500;143400;72600;50200;149400;36200;165000;224700;76700;;165300;56100;297900;217300;67600;754800;1321500;68600;433800;131300;52400;;223200
15200;32100;22800;10600;100500;29000;27400;31100;58000;26401;35601;44600;27001;26800;62300;50000;123100;842400;45400;174400;74100;40400;22400;77600;29100;310000;57700;71900;78800;103000;34100;59700;138100;51500;280900;174100;21900;47700;271700;53600;34800;149400;61700;66800;209000;76700;;172200;60200;380800;197700;66500;630500;276900;67700;493100;194300;65500;46900;265000
23300;9400;19800;13500;41600;30600;17799;41299;61800;26401;21600;44600;26901;12999;944301;37800;65100;719000;41100;104800;74100;35000;28300;123700;40500;666800;48800;46000;58800;93700;53000;42000;137900;51900;199100;136200;38200;42600;115300;53400;41600;105600;31300;63200;219700;76700;365800;172200;78200;53400;191100;68900;504100;1072900;70800;397900;1224600;66900;;192500
16700;4000;19900;6400;7200;43700;28701;21200;62000;27900;23700;38300;28500;166699;542100;40300;46000;660800;41000;247700;84900;39800;256800;137600;28500;658300;87200;51200;68800;113200;55900;436000;147300;65100;369500;134200;43000;329400;136500;53600;35200;118000;52200;79400;178600;76700;322600;172200;59200;61700;239800;66900;44200;1132400;65500;543800;1336200;68900;423800;160000
11400;12800;47100;13000;14000;32000;9901;28500;64800;27001;39999;38200;24600;134500;451000;51500;49100;71800;45600;21300;88600;57800;295000;262800;35300;645900;87200;58000;57200;146000;43500;288200;142700;54400;42900;176400;37900;434600;131600;53600;741200;131500;54900;433900;178600;76700;82300;172200;67800;41200;225700;69600;45800;156300;69100;1462000;152000;68000;1467500;158500
18100;17300;36800;11700;77000;27200;20401;46100;55600;18099;22700;38999;21999;30400;61899;30900;30300;77400;42600;44400;73100;39900;25300;73100;44400;470500;;23000;74200;109100;54200;211500;142700;54600;319600;185400;36800;411200;140500;50800;502000;118200;95100;105900;178600;76700;57500;172200;51400;527800;225700;67100;48300;139800;68700;1468400;1331500;68600;914500;158500
22300;7800;27900;7900;62500;29500;27200;41100;69200;12000;23600;39100;20199;38200;59300;35400;43600;48700;40600;19400;80400;39200;33300;81300;27900;56200;56500;43800;88700;107900;34100;259200;125800;49800;356400;130300;69200;450400;123600;51800;740200;192300;40800;538100;178600;76700;58000;172200;67400;502700;225700;65300;61600;151100;67200;;304500;68200;884700;158500
14400;4500;21200;7200;70500;31100;15800;61600;142900;19100;29900;44400;17199;12600;127300;39300;50700;66200;40400;34400;73100;39600;64900;77900;19900;25700;56500;22900;127900;101600;37200;53600;122500;55900;292200;126900;56200;574000;172500;61600;694600;89300;31400;463300;178600;76700;46000;158800;66200;268300;157700;67500;365600;292500;67500;;177200;79600;728200;158500
13600;10300;35000;5300;9700;31700;17400;27500;64799;27300;96601;39100;27200;23800;64599;17600;39500;59400;42500;113200;86900;40000;31200;82100;47400;265000;117400;23200;99300;170700;48700;54300;98300;55900;60900;104300;20800;462200;90500;29900;780300;140400;35700;557700;178600;32400;45200;208200;88900;345100;198300;66900;379700;858700;67000;;177200;64900;649000;158500
14600;6100;29600;20500;8900;29600;26399;14299;193000;24599;29100;71701;20400;29000;71401;39600;58000;81900;41600;142100;99000;40300;27800;76100;25600;238500;99200;56000;70000;170700;43000;34200;116600;55900;42000;133100;66200;51300;172400;53100;121700;97900;48200;440400;178600;32000;46900;171700;70200;48200;210300;67400;316500;1225000;68800;51500;138700;67900;672300;158500
16000;7300;18400;14100;9900;54400;29000;39800;263601;27400;23400;46000;23100;31300;56300;40500;73900;54200;40100;30000;83200;39900;27800;71500;35200;586900;50400;52900;62200;103600;52700;49500;117900;49700;70400;133100;54300;45000;172400;58900;46100;97900;56700;111500;184400;42100;403800;174000;69500;251600;211300;67200;379300;;67800;822400;157200;68400;796700;4130800
13300;3800;35400;22300;96700;561400;26300;29200;58099;26001;23100;46500;14100;14300;71001;29600;30600;54200;40900;199100;370200;43100;336300;81600;32000;47300;110000;60800;65300;94600;45700;413600;109200;45100;334200;133100;52200;50200;172400;23300;52400;97900;42500;110900;152300;43500;200200;170300;62600;283100;176700;66800;380800;114600;68200;76500;157700;67100;771900;4456600
15100;31400;18700;7900;6100;69000;28500;80800;64500;13800;32100;38300;23000;61499;87801;38600;46400;54200;44800;186300;82600;26600;207000;87200;37500;37600;71600;25200;70700;97600;42200;251300;101600;50500;241500;;52700;362900;172400;22600;28800;97900;36000;76200;230500;31900;352900;151400;59800;298300;167300;69100;522600;118900;67200;74800;184600;68400;768700;3491500
13400;98000;17000;5800;11800;36600;12001;23800;65801;17200;48601;224299;27300;35500;602399;29000;41700;458200;39400;35500;77000;40500;190800;88200;18000;37500;47800;52400;63300;114700;97500;258800;116400;44100;432100;156500;24200;60200;172400;53200;29600;97900;27000;70300;263500;35800;222400;302600;71400;48400;428600;67100;582800;127500;69200;63300;165000;67700;632000;4818600
13600;39100;19400;13300;8800;52600;26600;41801;75800;18100;29500;59800;34200;25600;57899;40800;42900;74400;17400;37000;;34200;282900;88700;36200;27000;59500;52200;191200;125200;50100;211300;120300;51400;439100;133000;47800;400600;104700;24100;350400;164400;61000;72300;327400;45700;478200;222800;48800;73500;184900;67500;55200;182500;28500;964000;165900;64100;635800;4728300
13600;21500;17700;10100;14600;30700;28000;67000;64600;13300;15700;48999;15300;127000;57301;45000;111500;59400;33700;37800;206600;40400;262800;76500;26000;;52100;42800;118600;119300;34200;244800;101100;33900;558100;193600;54000;37000;109300;47700;338400;116900;72700;105300;282200;59100;47800;279500;70600;52000;162300;67200;41800;250300;68900;757900;195100;74700;;203900
12700;7500;20000;7600;10700;29700;26801;73700;72100;28001;13600;47700;35699;23200;61400;42800;47300;55900;35500;89400;81900;38300;23900;72500;27700;37900;51300;20900;153500;104200;51900;203100;101100;46400;293800;147800;36000;46900;143300;49600;323300;154400;26000;564100;245000;53800;46800;225300;79300;580800;1114200;69300;59500;161000;66900;612700;368700;70700;1173300;246400
13800;10000;28700;7700;5200;27900;28400;30001;134401;12701;23800;44801;31000;12000;61000;41000;98100;128600;41100;93500;113400;51400;35800;84800;31700;175900;77500;23400;66900;133500;52600;228300;101100;43000;42300;136000;44400;34200;90400;22400;203600;96800;27200;;252300;54200;45300;225300;32300;698000;389900;68800;300900;987400;67200;650100;130000;66500;57200;134200
13700;10300;30300;12600;6900;28500;25701;34999;62701;12200;79399;39701;19901;10800;64200;35200;33300;72200;42100;237700;88800;37800;19200;76700;28100;453700;61700;49400;51000;133500;48100;62000;101100;51200;283100;169600;58000;46700;89400;38400;27900;175700;37500;165800;239000;24900;52300;225300;68000;641000;1081700;66500;470500;141400;67100;79000;1458400;67300;729000;173000
11700;31700;20000;12300;6800;31300;27200;58599;60900;15100;21399;48100;21399;31800;70599;40600;30600;55800;41700;39900;125200;39500;41000;73000;38600;32000;61700;50200;63300;133500;81000;45500;101100;52800;333600;108800;37500;43000;149900;23700;524300;189700;30700;165800;180700;24900;76800;225300;67700;1171400;1081700;69200;430600;161400;70000;;156500;67100;958000;244400
11700;13600;16900;13600;16000;30100;24500;80000;61000;16600;28600;36800;35800;162199;75600;34200;62400;125100;41100;31000;138000;41200;272900;82300;38500;39100;65000;49500;67800;133500;29700;46100;101100;50800;220200;121600;23700;329400;147100;39700;447800;160500;71100;382100;183100;63600;80900;225300;67300;888300;1081700;67000;41600;136000;67400;;205900;67800;810700;106500
9300;8000;26400;15500;11300;48000;19800;56601;63399;20600;24100;37800;30200;150600;71799;41000;41500;55100;38200;29200;120200;40200;236300;117800;34200;32800;81900;56400;120400;133500;54800;50200;215100;43800;260300;121600;52100;48100;108500;23800;636600;224800;30600;246700;183100;41500;420000;225300;69100;396700;1081700;67000;474600;129400;66600;1255200;277500;67600;59700;150900
21100;33600;39100;10800;7700;25800;26000;33500;57300;16200;21000;39400;31600;138900;61900;47600;74700;;43600;42600;79900;51200;228900;78200;18700;35900;56100;48400;150000;133500;30900;61500;94200;42500;32800;121600;51600;1164600;114500;50500;529300;209800;28800;702400;183100;64800;54000;257500;43600;338800;1081700;67000;343100;906300;60600;;179200;67100;511500;1712900
9400;21100;21400;21100;22700;31400;20800;51999;58900;26600;20300;49500;30300;145100;64101;30500;74800;;48300;206700;76100;41300;25500;70900;15400;19500;141500;55000;136000;130100;52700;54800;102700;49700;49900;121600;38900;254200;172200;32900;214900;186000;36600;622800;183100;64700;289800;262200;81300;54600;1081700;60100;347700;152600;66700;;213200;76400;;9409700
15800;16600;108200;8900;15200;17800;28601;40799;56001;32601;28600;39500;13400;11500;85800;54000;51300;558900;37100;38300;73800;47900;22500;80500;16500;206100;86200;52400;58700;100100;63100;;110000;49700;166800;121600;55500;254200;130700;21500;41100;186300;28400;87400;183100;66100;66300;236300;70100;47200;133400;66400;35200;223700;71300;772100;210600;77800;663800;18199900
6600;7600;20200;6500;6700;83800;28100;24300;66800;34500;34600;44701;20400;26101;58600;42600;42900;80500;40200;179000;126500;39900;16100;87900;17300;377300;59100;51800;55600;161900;37500;141000;101000;32300;221400;121600;23700;632300;121100;18300;1259200;176600;30100;69100;183100;49400;168600;304400;59700;57900;187200;69400;32900;113400;68300;460200;264800;67300;593900;30247400
16100;28700;38900;13800;13500;67300;27400;17901;62300;27000;74100;39600;27101;19199;58800;16800;56400;80500;27800;210900;126500;52400;35700;108300;16500;437500;94600;52200;55800;105700;52000;268300;234500;45300;42900;121600;22400;389400;105800;52100;657900;176600;48800;86100;211400;73000;51300;276600;67400;334500;162800;70100;64400;;68100;489400;225500;71800;500500;40702700
15400;17400;28500;10700;21600;49000;29499;22200;82701;37400;20299;38300;12800;101500;56101;39600;37400;80500;32500;97000;83100;35000;31600;96900;17500;24000;119300;47700;83900;95500;43500;176100;162200;24400;;121600;21300;390800;99100;23100;531400;173900;26500;69600;235600;55900;53500;252200;75000;606600;143800;67500;47100;219600;68400;51500;150300;68100;498600;132800
13400;7300;36600;15400;12700;54600;27601;38300;72300;27299;23200;;15700;152300;59300;43700;35800;68500;27500;26800;148100;41000;165800;77500;17800;23700;59600;53000;76400;96000;65100;55100;127000;50800;45100;121600;24100;453300;192500;51200;573900;156700;28400;98700;220300;30700;54300;345500;29400;473700;301600;68700;45800;138900;46500;71100;161500;68100;635000;153400
11700;6200;13600;9900;17900;42900;26801;29300;68400;13199;25599;474300;39999;20100;178901;32700;43500;154900;38300;21100;712900;40000;102000;79000;19000;23700;55900;43200;72400;108900;44300;44100;127000;53800;414100;736500;21100;57400;346300;18200;553800;162200;60800;724500;213500;29200;51400;260000;37900;48100;167500;73000;413000;163200;69100;644800;161500;67400;931500;1586200
17900;40000;15200;8400;2600;43700;24700;46700;60400;19400;67901;475600;31200;36100;59000;55700;35000;75000;17100;69400;467100;42300;102000;80000;26700;52000;64200;55700;70300;100600;52900;44700;127000;51200;289900;758200;45100;40400;182700;51700;552100;178600;40600;383600;214100;61100;38500;275400;31300;50300;204300;67400;470200;150200;47600;683400;1067000;68600;692000;1354700
15100;6800;15200;14100;13000;43700;35100;18200;56300;15100;23100;38500;10601;18000;55801;37400;44300;251200;45600;20500;82800;40500;28200;86500;35500;309900;56400;53700;57300;1221500;22100;37800;127000;41300;883300;127400;24000;45600;;52200;51700;109900;61400;429000;187100;63700;38500;275400;57500;56200;202100;79000;453100;130200;67500;672300;179900;76500;738600;1655200
13600;23000;15200;13900;8700;53900;26399;43301;61400;18600;64600;55301;22900;12500;58600;16000;51500;75700;33500;122200;108600;41100;196600;82500;37000;387800;61100;55700;51700;852300;53600;189200;127000;51500;313000;149700;67100;58300;;40500;26300;188600;39000;1141800;153300;67000;335900;275400;29300;319800;734200;67100;37500;129100;68500;663100;158900;68000;762900;1622800
16600;33300;15200;5600;14200;45900;39699;28301;30000;27700;104101;58200;11901;104900;55999;42200;75200;92400;36600;96400;81500;39800;847300;74500;34000;27600;60200;53500;53900;880300;55200;48600;112500;51100;319600;147900;38300;488000;;59000;39300;180100;28900;452400;162600;65200;557800;275400;26900;283200;734200;68800;33400;857800;60700;870500;231500;68100;594800;1861800
9900;31600;37700;5600;6600;31300;35600;34800;72799;15300;15300;41601;30400;84400;61700;31500;41000;75000;42700;39800;72900;51600;419700;84100;38900;24000;142600;53300;59000;769300;53100;282800;125500;43700;236100;147600;25100;311100;589900;49900;563900;287900;29700;192700;152900;55300;457200;275400;81800;313300;734200;67200;380700;132100;66200;721800;149600;66800;651800;148600
20800;7700;19200;8500;5700;67700;18500;20801;72501;20000;19400;41399;18301;124700;69100;40000;59200;75000;31200;32700;76200;41900;24100;78800;25600;21400;47400;53600;114500;1208600;21100;279400;98500;22800;86600;140200;22100;295100;176100;19100;664000;213000;57800;102800;180900;92300;303100;275400;63000;57600;734200;68200;66800;268600;69200;40600;167000;65900;624900;126600
11200;28300;18500;13400;7900;60900;23900;27301;63200;24300;27500;39100;15300;85999;72000;42100;47000;75000;33800;130300;71900;40900;45300;83000;42700;38000;52400;54700;165200;773900;50700;58500;121000;58000;57300;128800;58900;42900;132300;38600;1427700;213000;28700;100500;175600;57700;333700;275400;60900;468400;734200;64700;59300;110100;68300;464100;168300;69300;470500;183400
13000;25200;18900;7200;6500;172500;28700;25700;150399;11801;34799;36799;24401;104699;114000;41400;31400;56800;35900;35700;91100;41000;46800;83000;18100;;52100;56000;170000;115300;53000;50800;100600;43900;409200;135100;53800;43600;137800;46900;446100;213000;47500;97100;262400;;55000;180700;77500;542200;734200;66400;50700;1133900;58200;423600;150700;67100;533700;123300
16800;25600;16700;5500;14200;124700;28101;58701;55601;26900;63799;37500;19000;93400;76100;17400;48100;57100;35100;30800;102500;37300;25600;127400;35000;359400;64600;53900;169000;99300;50100;65300;116400;48700;297000;189400;41700;55800;123000;50200;499800;213000;29100;93000;262400;58200;52200;182500;69600;608000;734200;69400;65200;144900;67600;491400;152300;68300;468400;3376500
13500;15600;19000;8500;18400;71200;26899;37599;58899;30000;115299;35299;20300;12900;60501;16800;43800;61900;40600;14200;166400;45700;208300;119700;17000;204900;96000;35100;56600;98800;49000;59600;108500;43300;210300;143700;26400;36900;112800;63000;26500;213000;33900;80700;262400;49700;71100;179800;72500;61500;;60400;53300;146900;67600;449800;164600;67000;460600;1752100
18800;16300;19900;5900;8800;71200;24600;48899;59501;24700;97699;45400;30700;113000;56900;40300;31100;62900;46100;20400;101100;40700;234200;128500;32900;29600;52700;53300;76600;97700;41700;46300;180300;28800;339900;143700;48300;37200;124700;48400;29500;135400;29200;95000;262400;64000;50300;149700;66800;48200;176500;66000;60800;162300;68500;46700;141900;65900;596000;171200
8900;36800;15100;7700;23500;62900;19899;46200;144700;12000;25799;50199;26601;120100;68000;29500;45000;95300;32100;28400;97000;49900;202900;134200;30700;19800;88700;55000;53100;95200;55200;200400;171000;23700;200600;100100;38400;503900;125600;53000;487500;144900;36200;402200;;64900;60800;269800;63300;295500;179000;67600;333800;119700;69300;43900;;67400;476700;4659800
14700;7000;18300;21100;21800;31800;27300;21900;454600;15000;28300;124900;19699;93800;56199;39900;40200;116000;35300;159600;110500;40000;422500;86700;19000;39600;87100;53500;67100;117700;32000;365200;148600;34000;200600;98400;23500;454500;372600;40500;28400;126600;34200;185000;243600;61000;1294100;293500;63700;240200;137300;67300;485400;272300;55500;37200;;66100;549300;16360700
15000;18000;18300;5700;7600;56400;20500;30900;68100;17000;27500;40600;16300;10801;53500;40100;47200;51800;35700;98300;77900;42900;22100;76300;26400;24200;62500;53100;219200;185200;53800;286100;156900;53400;200600;116000;45600;307000;90400;44200;427700;169900;63500;645600;175800;62800;325300;268200;47800;410700;187200;67600;500400;;70300;53700;;61000;499200;26317100
13500;26000;20500;10500;18500;56400;29100;26300;72800;16199;36201;64601;15500;37500;63800;34700;61500;59900;43100;20200;82000;41100;366500;70100;15200;431500;83200;53300;46200;185200;51900;51100;156900;64700;200600;106800;55700;39500;90400;47000;592100;142300;45500;1245600;202400;59100;304100;147500;58000;394600;166500;67700;43500;142200;67900;629200;;71600;488600;28310300
11900;18300;24900;12700;14600;55400;39700;19799;279699;31800;30600;51300;17799;18800;77500;46200;178000;68200;39200;28600;95600;22900;22100;129000;16500;176100;60400;53800;65800;185200;55600;48300;156900;51400;217400;105600;51200;34800;90400;49900;598400;162100;74800;612600;180100;51400;291600;156700;29300;75400;205500;66500;48000;121700;84100;637100;;68700;527900;122300
17800;17600;21400;40500;12600;29100;21800;48099;72000;11500;21701;40400;20000;5700;59100;34800;88400;54200;38800;32900;126100;34100;48100;142800;14500;133800;63600;55000;191300;185200;22300;58800;136900;50600;166600;114100;54500;53600;90400;55300;39400;142200;53800;1496200;187600;30200;59200;212100;46800;837800;185700;69400;45800;900800;67300;562300;;65900;601100;1478100
15100;33300;24300;8600;4400;48600;44401;91600;60600;25900;36099;46200;13900;119900;59000;36200;56600;54200;40900;41500;97300;39800;20400;140900;40600;246100;64600;53200;60800;185200;45400;135600;120600;51700;55500;86900;23600;74200;90400;54600;508900;112200;29300;807000;183200;30200;45500;212100;81600;409000;171200;70400;364600;143400;61000;705000;;69800;515600;1693300
13400;6600;24000;4800;7000;18500;28000;31500;61100;21400;41801;37200;24300;121700;64901;17100;29600;63000;43400;43300;117600;49200;34500;117400;44900;26400;48300;53700;58900;185200;40900;280400;132900;50900;45800;137800;27700;35600;140400;45900;349500;130500;91700;541900;228700;30200;57700;212100;40900;361900;224200;66700;388800;157800;37000;42700;;67600;502100;1357600
13400;29600;25000;11600;7700;26600;36300;23300;63901;15600;19800;39499;25700;39899;88099;34200;29100;56100;42600;83600;131600;40100;258000;117400;24700;26200;51400;56600;73800;185200;51200;322000;147500;52800;56200;153700;55600;511200;113300;58900;642500;130500;30700;94200;150200;62000;51400;212100;35000;788000;232600;68500;573300;171100;49400;45200;;66100;477700;1444500
22200;44000;21900;10200;13800;65800;14299;37801;58601;12201;77400;54400;37900;47100;63800;39800;69200;81000;43900;151900;115400;36000;164200;76100;28300;29600;94300;56200;;;42400;290400;186100;52200;66100;153700;22100;303300;131100;53500;1182200;130500;47600;90800;161100;66300;47000;212100;54500;293500;;67200;48100;857600;35300;39300;;66700;515200;1359300
3100;47200;18500;11100;5400;74800;20901;26100;112799;11399;32701;43499;16401;31500;72801;42800;116900;55300;41600;229200;175200;38900;164200;124000;16000;23300;150800;54000;159600;110100;55500;56300;207100;58300;55800;153700;38400;37900;122200;39900;865900;;41700;92400;168900;66400;398500;183400;87800;340500;263800;67000;43900;131800;66100;452000;;68000;575800;153900
17400;4300;19500;5700;18200;31100;26901;22200;189600;15699;25000;46000;20901;22400;63399;39700;79400;60500;38300;55700;115600;25000;291400;115100;26900;404200;53500;53600;140600;130200;53500;262400;171100;50900;64000;153700;23200;516200;161600;23600;30200;;59000;65800;168900;64300;298200;157900;28000;260500;263800;59500;49100;115200;70600;527100;;66900;514400;140400
25400;3700;34200;13100;8400;48100;26899;41701;61600;24599;25100;46100;27701;20599;662799;40000;50600;55400;40500;53700;80800;43100;20100;112300;37800;399300;56300;55400;167600;167500;38800;147300;183200;36300;47000;153700;34300;80100;134300;21900;496000;120600;64000;325100;283800;63500;337500;149600;76800;50000;263800;67200;42600;1258800;67200;532400;;66600;448000;159500
12700;5700;29000;13200;24300;36600;30200;24401;58200;12200;21299;41399;33301;18201;285700;42800;29800;79500;42100;106800;71300;39400;248400;112300;41000;313600;79000;55600;54100;124700;48600;172300;111900;50500;47000;143600;40800;40700;181800;22800;463000;143900;31800;279000;283800;71900;347900;166600;66700;305500;263800;69400;40300;1109700;67200;583900;;67200;540300;146600
13400;38100;42400;12200;13400;30600;35501;19601;62700;26300;16599;169501;29700;14900;87600;39900;36500;79500;42000;188800;75300;33700;26300;131400;33600;172400;62900;53600;61200;119700;39500;137900;111900;52900;366800;122400;26400;43000;173600;19500;474400;104700;20000;306200;283800;66300;56900;177300;67100;284600;1093500;67100;47900;262500;67000;506500;;69100;715400;1768300
9500;21900;24000;11600;21600;29800;20900;16400;62500;15300;22700;259900;25301;32399;65799;39100;110400;79500;40100;145900;78200;38800;22900;137500;17200;204400;292900;55600;77300;99500;58200;68000;395300;52700;372100;214500;45900;47000;170800;40900;467300;128700;30400;328000;283800;65300;64200;180900;69300;289800;1018900;72600;381600;149200;66900;653600;;68600;545100;1846800
15000;8000;17500;15600;12900;33700;27601;30700;61100;25901;25399;206800;15700;10599;65600;38300;41800;79500;41500;27800;85100;35900;23100;105100;28000;18900;50500;55000;97900;123500;40900;42800;395300;65300;447900;135100;52100;664200;170800;21500;575400;184500;28200;558800;221100;59000;147400;157800;70200;52500;185600;67300;380100;191300;66900;591100;;68400;462900;1134200
26400;26600;23200;5600;14500;26300;10201;28799;67501;27901;29901;54200;15000;96001;58101;40600;33500;79500;41300;47800;204600;41400;50500;141600;34000;18300;66200;53600;199200;116300;54000;898600;395300;62300;766100;93000;21900;270900;170800;25000;1061000;153000;28700;100100;330300;64000;69100;174800;65900;452900;183100;66800;375700;173000;68600;408100;;66500;485300;1634200
