2n1c1m;2n1c2m;2n1c3m;2n2c1m;2n2c3m;2n2c5m;4n1c1m;4n1c4m;4n1c6m;4n2c2m;4n2c6m;4n2c10m;4n3c2m;4n3c8m;4n3c13m;4n4c3m;4n4c10m;4n4c16m;5n1c1m;5n1c5m;5n1c8m;5n2c2m;5n2c8m;5n2c12m;5n3c3m;5n3c10m;5n3c16m;5n4c3m;5n4c13m;5n4c20m;5n5c4m;5n5c15m;5n5c24m;6n1c2m;6n1c6m;6n1c10m;6n2c2m;6n2c9m;6n2c15m;6n3c3m;6n3c12m;6n3c20m;6n4c4m;6n4c15m;6n4c24m;6n5c5m;6n5c18m;6n5c29m;6n6c6m;6n6c21m;6n6c34m;3n1c1m;3n1c3m;3n1c5m;3n2c1m;3n2c5m;3n2c7m;3n3c2m;3n3c6m;3n3c10m
47828;58348;69146;39410;181288;60462;20744;70888;54824;40942;98636;53762;42304;111804;100162;63466;145916;138970;17440;48194;35228;33276;62542;69738;49224;70680;71848;48930;108954;75856;62382;99160;111454;30348;35678;24114;26510;84074;37750;42392;99346;68632;54960;92088;69108;71970;70246;78980;90710;117350;88324;32158;63106;50870;28674;83424;95308;62418;126400;69826
47826;58348;69146;39406;181286;60462;20742;70884;54822;40944;98640;53758;42304;111806;100162;63466;145906;138978;17440;48196;35228;33276;62542;69738;49224;70678;71850;48928;108962;75856;62390;99150;111464;30880;35678;24110;26510;84076;37750;42390;99346;68636;54952;92090;69108;71970;70254;78992;90698;117336;88312;32156;63108;50870;28674;83506;95312;62412;126398;69826
36406;55170;68694;36740;105902;53768;20742;70886;54824;40944;98638;53762;42300;111812;100156;63466;145906;138978;17440;48194;35228;33276;62544;69738;49224;70672;71850;48930;108964;75856;62382;99154;111454;30876;35680;24110;26510;84074;37748;42390;99340;68638;54952;92096;69108;71970;70266;78992;90698;117322;88310;32156;63108;50870;28672;83510;95312;62412;126396;69826
36408;55266;68692;36742;105898;53764;20744;70884;54822;40944;98638;53762;42302;111806;100156;63466;145916;138970;17440;48192;35228;33254;62548;69738;49224;70668;71848;48922;108970;75848;62382;99158;111454;30876;35676;24110;26508;84076;37748;42390;99336;68638;54952;92096;69108;71970;70280;78992;90698;117320;88320;24796;61970;51582;25074;102790;93626;51402;125734;97586
36760;54050;58292;39694;115732;57732;18400;74190;49866;43002;99392;61204;36574;136388;109638;54656;126018;145886;17440;48192;35228;33280;62548;69744;49224;70674;71848;48922;108962;75856;62382;99168;111454;30876;35674;24110;26506;84076;37752;42390;99342;68638;55072;92096;69104;71960;70270;78992;90698;117334;88322;24794;61974;51582;25074;102782;93626;51408;125698;97582
36760;54046;58292;39692;115682;57732;18402;74190;49978;43002;99392;61198;36574;136382;109638;54656;126018;145886;15380;51548;28090;29254;63054;61296;43952;93678;83834;47064;123042;101524;59942;117584;88438;30876;35674;24112;26506;84078;37752;42384;99348;68638;55072;92096;69108;71960;70258;78992;90710;117348;88322;24794;61972;51584;25076;102782;93626;51408;125688;97586
36502;53588;36254;37286;117090;58680;18402;74190;49978;43006;99390;61198;36574;136380;109638;54650;126028;145886;15382;51544;28084;29256;63054;61298;43952;93680;83834;47068;123042;101774;59950;117586;88436;33978;34044;27346;24446;80184;40512;36310;88460;68474;49226;118910;84692;61406;40036;80734;92790;62958;86780;24466;57910;48846;24778;100136;89604;49892;110816;100034
36502;53586;36892;37286;117074;58680;18402;74190;49980;43006;99396;61194;36572;136388;109638;54650;126018;145886;15382;51542;28082;29252;63054;61298;43952;93682;83828;47068;123038;101774;59950;117580;88436;33978;34038;27248;24446;80182;40512;36304;88458;68478;49218;118910;84692;61406;40038;80706;92778;62956;86776;24468;57892;48844;24780;100130;89806;49888;110814;100036
36790;60050;45384;36222;111354;50088;20010;74944;55290;36302;118492;74114;36336;133630;105252;55796;132630;137314;15382;51542;28082;29252;63054;61302;43952;93688;83832;47068;123032;101774;59950;117578;88426;33978;34040;27248;24444;80176;40512;36304;88452;68480;49212;118900;84692;61374;40038;80704;92776;62968;86788;24466;57882;48846;24780;100128;89806;49890;110814;100032
36792;60044;45386;36222;111348;50074;20012;74934;55292;36302;118486;74104;36336;133640;105270;55798;132630;137306;15380;51546;28082;29256;63122;61298;43952;93688;83832;47068;123036;101782;59958;117572;88424;33968;34044;27248;24444;80176;40512;36304;88458;68480;49216;118890;84692;61376;40028;80704;92768;62194;86792;24848;61242;50954;25040;92648;92446;50168;105598;93684
37306;53490;43790;36350;114656;45730;20012;74934;55292;36302;118490;74106;36336;133640;105264;55798;132620;137314;14946;45406;34852;29546;77410;58374;43386;84098;68832;46756;106750;96940;59352;122242;114864;33964;34050;27248;24446;80176;40512;36304;88460;68480;49212;118890;84688;61366;40026;80704;92766;62966;86792;24848;61222;50952;25040;92650;92442;50164;105592;93684
37304;53486;43788;36352;114660;45730;20010;74932;55290;36306;118490;74100;36338;133632;105270;55798;132620;137314;14944;45406;34854;29542;77414;58374;43386;84098;68832;46756;106750;96998;59358;122248;114842;33962;34048;27250;24442;80178;40518;36308;88466;68480;49212;118898;84684;61366;40022;80714;92768;62954;86792;24850;61220;50954;25040;92652;92446;50166;105594;93680
38426;54922;69478;36152;78474;44172;19184;68108;48104;36460;118656;75844;39034;145462;106296;55136;132622;126628;14944;45402;34854;29544;77408;58370;43386;84096;68832;46756;106744;97000;59360;122252;114828;39440;29596;24616;24518;65666;53936;36680;109372;66008;49680;70766;68380;60974;129348;81992;89106;75036;69124;24480;58774;48436;24792;104188;91888;49572;107978;99188
38428;54924;69478;36152;78464;44170;19184;68110;48106;36462;118656;75844;39034;145364;106296;55138;132622;126620;14946;45400;34854;29546;77406;58368;43380;84098;68832;46756;106740;97018;59352;122252;114828;39440;29596;24612;24522;65668;53938;36680;109372;66000;49680;70762;68376;60974;129338;81982;89106;75034;69136;24478;58770;48436;24792;104190;91888;49570;107978;99184
36790;53562;63574;36640;85772;38982;19182;68108;48108;36464;118658;75840;39032;145358;106290;55138;132620;126620;14946;45400;34856;29546;77404;58372;43386;84098;68832;46760;106742;97028;59352;122252;114828;39440;29594;24524;24522;65668;53938;36680;109374;65998;49680;70772;68376;60982;129326;81626;89106;75032;69122;24478;58764;48436;24792;104188;91888;49572;107974;99184
36792;53554;63574;36640;85768;38984;19184;68104;48106;36464;118658;75840;39030;145352;106296;55138;132632;126620;15108;58346;39244;29480;85428;61046;43752;118006;87236;47950;123652;110848;58658;126608;115686;39442;29594;24524;24522;65662;53934;36680;109378;66002;49686;70780;68386;60984;129324;81626;89118;75032;69124;24718;59942;44414;25040;103038;93102;50740;114054;107562
36634;53378;68194;37656;111770;41660;19494;74524;43698;36188;65540;72632;36400;159124;107290;76458;133210;142438;15108;58344;39238;29482;85424;61026;43752;117998;87228;47952;123648;110856;58658;126604;115678;39442;29594;24524;24520;65660;53932;36680;109382;66000;49688;70780;68388;60984;129336;81636;89118;75034;69122;24720;59940;44414;25040;103036;93102;50740;114054;107556
36632;53350;68194;37656;111768;41660;19498;74524;43698;36188;65540;72626;36402;159126;107290;76456;133210;142438;15108;58342;39236;29482;85424;61024;43756;117988;87224;47952;123646;110850;58650;126606;115676;39442;29596;24526;24520;65662;53932;36684;109380;66006;49680;70772;68388;60982;129346;81640;89106;75034;69122;24718;59942;44418;25040;103038;93102;50742;114046;107548
36460;55266;65242;36532;115110;29980;19498;74524;43698;36186;65540;72624;36404;159120;107284;76456;133216;142438;15110;58344;39236;29482;85424;61024;43758;117990;87232;47952;123640;110848;58650;126614;115676;32348;34836;26788;24404;84210;57190;36524;69608;72058;49448;65228;71080;61498;38976;79594;103070;36740;112104;24536;62662;44496;24740;100782;89542;49822;102148;100150
36460;55262;65240;36530;115114;29956;19496;74522;43698;36188;65538;72626;36404;159118;107290;76452;133220;142446;15110;58344;39230;29480;85426;61016;43758;117998;87234;47952;123648;110848;58656;126614;115686;32348;34840;26784;24400;84204;57188;36524;69606;72064;49448;65228;71080;61514;38986;79598;103068;36740;112100;24538;62660;44496;24738;100774;89540;49822;102148;100138
36846;56960;69296;35984;114688;26892;19692;64116;57862;36470;53060;77254;36580;159698;105480;60896;140066;142746;16256;52540;38528;30536;78718;59472;43798;115098;74192;45254;127862;103284;58138;151466;126250;32348;34846;26784;24400;84206;57192;36518;69608;72058;49448;65218;71078;61516;38998;79836;103068;36752;112112;24538;62664;44496;24738;100768;89540;49822;102156;100130
36848;56962;69296;35986;114688;26894;19692;64116;57862;36470;53020;77248;36580;159704;105478;60892;140074;142746;16258;52580;38526;30536;78712;55820;43798;115104;74192;45254;127858;103342;58138;151466;126260;32348;34844;26784;24402;84212;57192;36518;69608;72060;49442;65218;71076;61508;39010;79824;103068;36766;112114;24802;61248;48578;25028;104918;89122;50060;134582;86992
36648;54284;64594;36398;112490;24598;19694;64112;57864;36472;53018;77232;36580;159706;105480;60896;140084;142746;16258;52578;38526;30536;78708;55818;43798;115104;74186;45254;127858;103342;58144;151456;126262;32348;34840;26786;24404;84218;57194;36518;69608;72058;49440;65218;71080;61508;38998;79822;103068;36766;112114;24802;61252;48578;25028;104912;89122;50060;134584;86982
36648;54280;64590;36400;112494;24600;19694;64114;57864;36474;53020;77232;36578;159704;105480;60896;140074;142754;16258;52580;38526;30538;78710;55818;43798;115102;74190;45254;127868;103342;58146;151448;126260;32348;34836;26786;24404;84216;57194;36522;69646;72058;49440;65228;71080;61508;38986;79594;103068;36756;112116;24802;61250;48578;25028;104910;89122;50060;134584;86976
38502;55016;71520;35938;115028;44052;20358;70730;54080;37468;94256;62488;36174;147246;110404;57662;158636;130968;16258;52580;38526;30540;78710;55820;43802;115094;74190;45254;127866;103342;58146;151460;126260;31188;28516;27290;24580;80032;41018;37558;107154;60524;48726;111572;71142;60926;43792;67744;94770;28580;80668;24512;62214;48438;25436;105802;95184;49732;116104;93598
38502;55016;71518;35938;115028;44050;20356;70730;54082;37468;94260;62468;36170;147252;110404;57658;158634;130952;15002;48670;33548;28934;79954;55890;43862;118990;86040;47422;114966;104406;58348;108004;119156;31188;28514;27290;24576;80032;41164;37558;107150;60530;48726;111580;71398;60934;43782;67734;94926;28638;80678;24512;62208;48432;25438;105800;95182;49738;116110;93596
36504;54222;67648;36346;114202;55568;20356;70732;54082;37470;94260;62468;36170;147248;110404;57652;158634;130958;15004;48672;33548;28936;79950;55884;43864;118988;86034;47422;114966;104676;58348;108010;119144;31186;28512;27288;24576;80026;41160;37558;107156;60532;48718;111588;71686;60926;43778;67730;94924;28640;80680;24512;62208;48430;25438;105794;95178;49738;116108;93600
36504;54096;67644;36346;114082;55568;20354;70730;54078;37468;94260;62472;36174;147242;110404;57650;158634;130950;15002;48676;33548;28938;79950;55884;43860;118984;86010;47422;114978;104682;58354;108014;119144;31186;28514;27288;24576;80026;41164;37558;107166;60526;48724;111578;71698;60926;43778;67740;94924;28640;80680;24990;61466;43540;25098;102104;89342;50092;107834;94688
36740;54102;60616;37716;114354;52786;18216;78384;53238;36440;132900;46236;36616;133176;100998;59828;171884;124534;15002;48676;33548;28938;79956;55886;43858;118990;86006;47422;114976;104684;58356;108014;119154;31186;28516;27290;24578;80026;41164;37556;107178;60524;48726;111578;71716;60926;43790;67744;94924;28580;80680;24992;61462;43540;25096;102104;89342;50094;107826;94688
36742;54098;60614;37716;114350;52786;18216;78384;53236;36440;132898;46234;36622;133176;100992;59832;171886;124534;15002;48672;33546;28934;79958;55882;43858;118990;86000;47422;114972;104684;58356;108004;119154;31186;28520;27290;24580;80032;41162;37552;107170;60524;48726;111570;71720;60926;43802;67744;94924;28580;80680;24992;61466;43538;25096;102102;89346;50096;107830;94674
38254;54832;65850;36384;113666;57696;18216;78382;53236;36442;132894;46234;36624;133176;100992;59834;171878;124534;15030;37002;37890;29236;65330;62668;45256;98076;78734;45008;103538;96404;58220;97484;125722;30884;36792;27420;24310;79268;62024;36450;97732;64928;52602;99904;58664;61336;50994;63004;94786;32626;81532;24692;61340;43386;25260;102838;85326;49744;121234;95414
38256;54828;65852;36382;113634;57694;18218;78384;53238;36440;132900;46228;36624;133176;100992;59834;171876;124534;15032;37000;37880;29236;65336;62662;45260;98076;78738;45008;103548;96402;58214;97474;125700;30882;36792;27422;24310;79266;62162;36450;97732;64926;52608;99914;58664;61336;51004;62992;94798;32612;81532;24692;61340;43380;25258;102836;85322;49744;121226;95410
36750;56822;59836;36228;110172;58472;19240;74612;48444;38346;102996;40238;36260;161488;99942;58162;156578;115214;15030;36998;37878;29236;65340;62666;45262;98070;78738;45002;103548;96394;58214;97478;125686;30882;36792;27424;24312;79268;62166;36454;97724;64926;52610;99914;58668;61336;51016;62988;94788;32610;81532;24690;61334;43384;25258;102836;85322;49746;121224;95410
36750;56820;59836;36228;110168;58470;19240;74610;48444;38342;102988;40238;36256;161488;99940;58158;157156;115214;15030;36998;37878;29232;65338;62666;45256;98072;78738;45006;103544;96400;58214;97478;125696;30882;36790;27422;24314;79266;62166;36450;97722;64926;52602;99914;58668;61336;51006;62988;94786;32624;81532;24800;61902;50414;25048;103058;86200;50078;115614;79294
36396;53228;63922;36264;110616;54238;19238;74610;48446;38344;102988;40238;36256;161486;99934;58156;157154;115222;15030;37002;37876;29232;65332;62662;45256;98076;78740;45008;103536;96400;58220;97490;125698;30882;36790;27420;24314;79264;62168;36450;97780;64872;52602;99904;58660;61326;50994;62988;94786;32638;81532;24798;61900;50412;25046;103038;86192;50082;115612;79292
36396;53224;63922;36268;110576;54238;19238;74612;48446;38344;102994;40234;36256;161496;99940;58158;157158;115222;14634;40488;29868;30574;73446;61406;44048;90398;81910;43934;116172;88868;58616;127384;112932;30878;36790;27420;24314;79260;62168;36450;97786;64858;52602;99898;58656;61334;50980;62998;94786;32640;81532;24798;61904;50404;25046;103030;86186;50082;115614;79296
39520;56746;63988;36338;112750;55610;18248;74282;47192;38470;113540;41240;38502;130534;101250;63024;109638;138376;14634;40486;29866;30576;73442;60494;44046;90406;81908;43938;116172;88874;58628;127386;112932;32430;35236;26162;24482;85130;53696;39158;113200;60614;50800;95740;74732;60856;74370;60410;94810;37304;108636;24794;61268;49974;24752;92320;86680;49612;106666;100840
39520;56740;63988;36334;112752;55608;18248;74280;47414;38472;113540;41240;38500;130536;101250;63028;109636;138376;14634;40490;29866;30576;73434;60494;44040;90412;81908;43938;116166;88876;58630;127378;112930;32430;35238;26160;24482;85128;53696;39180;113208;60614;50800;95738;74732;60864;74368;60406;94810;37318;108636;24794;61262;49972;24750;92318;86680;49612;107010;100844
36378;54564;60784;40276;114010;55618;18248;74282;47368;38474;113540;41240;38500;130536;101250;63024;109636;138376;14634;40490;29864;30576;73436;60494;44044;90404;81908;43938;116160;88876;58630;127376;112920;32430;35238;26160;24478;85122;53692;39180;113214;60614;50800;95742;74732;60864;74366;60406;94810;37332;108622;24794;61262;49972;24752;92314;86684;49614;107014;100840
36380;54564;60784;40276;114000;55620;18248;74272;47366;38474;113534;41244;38500;130528;101250;63024;109638;138376;14634;40490;29864;30576;73442;60496;44046;90396;81908;43938;116160;88870;58624;127372;112930;32492;35236;26160;24478;85126;53696;39180;113214;60614;50808;95730;74724;60864;74378;60406;94792;37320;108624;24826;61478;51400;25106;93196;88956;50126;112686;102638
38816;55506;65774;37798;114688;58374;18532;71804;64684;36222;105378;44750;36160;145452;99092;63588;161658;140966;15346;43646;26570;29418;83564;62768;43636;100344;76372;44012;94106;96984;58076;97980;112018;32492;35236;26162;24478;85126;53692;39180;113208;60614;50808;95730;74722;60864;74380;60406;94798;37306;108632;24826;61476;51402;25106;93198;88950;50128;112686;102640
38826;55504;65770;37796;114680;58374;18532;71790;64680;36218;105378;44750;36164;145460;99092;63588;161666;140972;15348;43648;26566;29416;83566;62758;43636;100338;76368;44016;94106;96994;58068;97980;112018;32432;35234;26162;24480;85132;53690;39176;113200;60614;50808;95728;74730;60856;74380;60450;94786;37292;108636;24826;61478;51402;25108;93200;88934;50126;112688;102638
37032;55442;65368;36390;114080;60426;18532;71792;64674;36220;105374;44750;36166;145462;99092;63588;161666;140966;15348;43648;26636;29416;83564;62760;43630;100342;76374;44016;94108;96986;58068;97980;112010;30804;30490;30268;25578;60882;50356;36372;110392;68620;48834;92950;74640;61232;38488;97218;94238;56034;78938;24472;62150;42856;24826;97304;89820;49724;124516;94708
37032;55442;65366;36392;114070;60430;18532;71792;64672;36222;105372;44746;36164;145454;99092;63592;161656;140956;15348;43646;26634;29416;83564;62760;43630;100350;76374;44010;94108;96986;58068;97980;112008;30804;30488;30356;25578;60882;50354;36372;110392;68612;48834;92958;74632;61232;38474;97208;94236;56022;78938;24474;62150;42846;24828;97304;89824;49724;124514;94704
36942;58830;66720;36138;116878;56754;18186;67370;61628;36536;104442;70278;36396;155156;111096;59340;148482;132368;15348;43644;26636;29416;83564;62926;43634;100356;76374;44010;94108;96986;58074;97980;112012;30802;30492;30356;25580;60882;50354;75558;110386;68612;48840;92966;74624;61222;38474;97206;94236;56008;78936;24472;62138;42880;24828;97304;89824;49726;124514;94704
36942;58828;66718;36140;116864;56582;18186;67368;61626;36538;104442;70276;36396;155148;111090;59340;148482;132376;14658;44128;33938;28988;72524;62292;43918;104090;82740;43864;119306;87008;58380;103694;115630;30802;30492;30358;25580;60878;50354;36378;110384;68618;48842;92970;74620;61222;38474;97206;94224;56006;78950;24818;59352;41850;25250;91516;97020;52174;113810;98080
37268;54466;65910;36334;116816;49824;18186;67372;61626;36540;104442;70272;36396;155146;111096;59346;148472;132376;14658;44132;33936;28982;72532;62292;43918;104090;82740;43860;119308;87008;58372;103770;115620;30802;30494;30358;25580;60878;50354;36374;110384;68620;48842;92960;74620;61230;38484;97180;94224;56020;78954;24816;59352;41852;25250;91510;97014;52174;113814;98074
37270;54468;65908;36332;116816;49824;18186;67374;61626;36540;104442;70276;36392;155154;111096;59346;148472;132376;14656;44132;33936;28982;72536;62304;43918;104090;82742;43864;119310;87016;58372;103782;115618;30802;30490;30358;25576;60878;50358;36372;110390;68620;48834;92950;74620;61232;38484;97176;94224;56032;78942;24816;59354;41850;25250;91510;97016;52174;113816;98078
38862;55208;63170;36142;112538;39026;18364;74040;53130;39614;96180;47528;36168;123168;95838;59292;122172;138812;14658;44132;33938;28984;72534;62304;43918;104082;82736;43866;119310;87018;58358;103790;115618;32506;33500;27850;24540;76814;53188;36896;90058;54868;48856;96972;73646;62870;82058;77056;86444;40916;106518;24542;61052;42268;24862;98208;95322;52280;110112;90874
38860;55206;63168;36144;112542;39024;18362;74036;53130;39616;96178;47532;36168;123176;95844;59294;122160;138804;14658;44132;33938;28984;72528;62308;43912;104084;82734;43866;119310;87010;58356;103706;115618;32504;33502;27848;24540;76814;53182;36896;90066;54874;48854;96970;73654;62868;82070;77046;86444;40912;106518;24544;61150;42270;24862;98210;95314;52284;110108;90868
37350;54188;57428;36442;113784;39646;18362;74034;53130;39616;96178;47528;36170;123178;95838;59296;122158;138812;15406;46398;17294;29050;90620;68512;43354;102726;70862;43614;110774;95114;58112;108932;117612;32504;33502;27850;24542;76816;53174;36900;90066;54870;48862;96958;73654;62868;82068;77054;86444;40910;106518;24546;61140;42268;24860;98214;95310;52284;110106;90872
37348;54178;57422;36442;113784;39648;18362;74034;53130;39616;96178;47528;36172;123168;95838;59298;122168;138812;15406;46398;17294;29052;90614;68506;43358;102732;70860;43616;110770;95122;58112;108930;117610;32498;33504;27850;24544;76816;53174;36902;90064;54868;48856;96968;73654;62868;82068;77056;86444;40912;106530;24762;61622;46216;24952;94578;89314;53494;116024;101982
38900;54886;62986;37502;112266;40714;18114;69214;54052;36478;107702;70644;36472;158334;98732;58176;173472;144972;15406;46402;17294;29054;90610;68498;43358;102738;70860;43614;110774;95114;58112;108922;117620;32494;33500;27850;24544;76820;53172;36896;90058;54868;48854;96970;73654;62868;82056;77056;86444;40912;106530;24762;61616;46216;24954;94572;89314;53492;116024;101980
38900;54884;62986;37500;112266;40696;18114;69210;54046;36478;107708;70644;36472;158342;98726;58180;173480;144964;15406;46400;17294;29054;90614;68672;43358;102732;70866;43614;110774;95114;58112;108918;117620;32490;33500;27950;24544;76818;53138;36896;90058;54868;48854;96980;73646;62868;82056;77056;86444;40912;106522;24760;61618;46214;24952;94574;89306;53492;116022;101980
44216;54374;67666;37630;115066;43826;18114;69206;54044;36474;107708;70640;36470;158344;98726;58176;173488;144972;15404;46400;17294;29054;90614;68676;43354;102724;70868;43618;110782;95114;58112;108928;117898;32044;35694;27642;24360;66844;41752;36390;116040;59764;48934;72108;69122;61172;58300;87910;74156;44700;63918;24572;61754;50512;24740;92922;93646;50406;116714;107802
44216;54372;67664;37632;115068;43826;18112;69208;54040;36476;107702;70640;36470;158342;98722;58176;173480;144964;14652;55256;33178;29094;84924;64684;44114;102088;69744;44070;114274;102732;58564;117168;119470;32044;35690;27642;24362;66840;41754;36394;116034;59764;48934;72118;69122;61180;58300;87920;74170;44708;63906;24570;61756;50512;24740;92926;93642;50408;116720;107790
37174;54078;72312;36366;112776;40996;19186;68616;50000;36314;104924;72236;36182;141978;106580;59038;154268;136614;14652;55256;33178;29104;84928;64682;44114;102094;69744;44070;114274;102712;58570;117170;119470;32044;35690;27642;24362;66838;41754;36396;116026;59766;48934;72128;69122;61180;58290;87920;74158;44718;63902;24572;61754;50512;24740;92922;93642;50410;116714;107782
37174;54080;72312;36366;112766;40998;19186;68620;50000;36314;104918;72236;36184;141978;106584;59038;154274;136614;14652;55258;33178;29108;84924;64686;44114;102094;69744;44064;114274;102700;58566;117180;119470;32044;35694;27642;24362;66836;41754;36396;116026;59766;48940;72122;69122;61180;58280;87924;74158;44726;63902;24798;63180;48128;25012;93492;87386;49908;119906;100922
36824;54506;64258;38612;115976;41386;19186;68618;50002;36310;104912;72236;36184;141970;106578;59042;154264;136610;14654;55258;33180;29112;84922;64686;44114;102096;69744;44068;114274;102700;58572;117176;119480;32044;35700;27642;24362;66844;41756;36396;116030;59766;48942;72112;69122;61180;58288;87644;74158;44712;63914;24800;63178;48126;25014;93488;87376;49906;119880;100924
36826;54502;64256;38610;115982;41384;19188;68616;50000;36312;104918;72232;36184;141970;106578;59038;154272;136606;14654;55258;33180;29112;84918;64688;44112;102094;69742;44070;114274;102690;58572;117174;119470;32042;35698;27640;24362;66844;41756;36396;116034;59766;48942;72102;69120;61182;58290;87642;74158;44700;63918;24800;63178;48124;25014;93488;87372;49908;119840;100922
39518;55108;59394;37730;114210;38522;18270;65608;58868;36506;114592;67094;38444;145222;91636;58004;169020;143694;14718;53324;25562;29614;78982;65420;43742;89470;70160;43612;91820;81540;58420;142974;121228;30842;21876;27470;24430;83680;48276;36554;119016;71556;48752;97022;80304;60778;86690;82230;73144;67932;88718;24526;60956;48552;26022;91852;92830;49562;113236;109180
39520;55094;59382;37734;114204;38520;18270;65600;58870;36510;114592;67094;38444;145220;91628;58008;169026;143694;14720;53320;25562;29614;78980;65418;43742;89470;70166;43612;91820;81550;58420;142976;121218;30840;21882;27470;24430;83678;48272;36548;119008;71536;48754;97054;80300;60776;86690;82236;73144;67914;88730;24526;60954;48550;26022;91860;92834;49562;113234;109184
38450;54444;67840;36404;112776;43922;18270;65596;58872;36512;114600;67094;38440;145214;91620;58008;169036;143694;14718;53320;25562;29610;78978;65422;43736;89470;70166;43616;91816;81550;58420;142988;121226;30836;21878;27472;24426;83678;48254;36548;119006;71534;48754;97046;80300;60776;86700;82240;73144;67910;88734;24526;60954;48548;26020;91868;92834;49560;113234;109180
38452;54444;67836;36402;112768;43920;18270;65596;58868;36510;114598;67094;38440;145222;91628;58008;169028;143694;14718;53322;25562;29614;78982;65424;43740;89470;70162;43612;91816;81550;58418;142992;121228;30834;21878;27472;24426;83684;48252;36548;119012;71522;48754;97044;80308;60776;86702;82240;73132;67910;88734;24776;60958;49482;25074;83268;92766;50118;105862;103306
37076;55064;62516;40618;113484;41588;18342;73808;50792;36274;89454;67920;36170;158842;99708;57956;146032;127882;14718;53324;25562;29614;78982;65424;43742;89468;70160;43612;91816;81550;58420;142984;121182;30834;21876;27472;24426;83686;48252;36548;119014;71518;48754;97050;80312;60776;86702;82240;73132;67924;88722;24776;60954;49484;25074;83262;92766;50120;105858;103306
37076;55062;62518;40616;113456;41590;18344;73810;50792;36274;89454;67912;36170;158842;99702;57956;146034;127874;14728;53130;25900;29632;79600;56684;44518;88544;75594;44020;136710;99246;58650;90664;96440;30938;21874;27472;24428;83684;48248;36552;119022;71518;48746;97062;80314;60784;86692;82240;73144;67926;88718;24776;60948;49482;25074;83262;92766;50122;105860;103302
36710;53844;68812;39712;111996;36364;18344;73808;50792;36270;89454;67906;36170;158846;99700;57956;146024;127874;14728;53130;25898;29632;79604;56686;44518;88540;75590;44018;136710;99252;58650;90676;96424;30584;30766;27842;24958;82112;52630;36140;113584;74960;48950;75982;69666;61546;58412;79010;73278;81448;67216;25148;62108;47428;24750;91066;93072;49564;117356;94350
36712;53838;68808;39712;111984;36364;18344;73808;50796;36270;89448;67904;36166;158848;99694;57950;146030;127868;14726;53134;25898;29632;79610;56680;44518;88534;75588;44018;136712;99252;58656;90682;96424;30582;30768;27840;24958;82110;52630;36136;113586;74960;48950;75984;69666;61536;58402;78998;73278;81462;67216;25148;62106;47424;24750;91074;93072;49560;117356;94352
37056;55310;64314;42034;113984;44802;18274;70798;54766;36738;122674;70058;36702;138208;109648;55232;144534;135600;14726;53134;25898;29628;79606;56680;44518;88534;75588;44016;136718;99254;58650;90670;96416;30572;30764;27838;24960;82116;52628;36134;113578;74960;48950;75984;69666;61536;58388;79006;73278;81460;67204;25148;62106;47424;24748;91070;93068;49562;117326;94346
37054;55308;64316;42032;113982;44798;18274;70796;54766;36738;122670;70060;36704;138206;109640;55234;144524;135608;14728;53132;25896;29628;79604;56680;44522;88540;75594;44016;136720;99254;58650;90658;96414;30572;30758;27838;24962;82112;52628;36138;113572;74966;48950;75996;69666;61536;58388;79008;73266;81450;67200;25930;61394;44928;25066;91860;96310;50304;101700;99058
36784;56840;64528;42036;113522;46192;18274;70790;54768;36738;122674;70056;36704;138212;109640;55234;144512;135600;15338;48910;29938;29360;79176;52520;44034;96558;86310;43664;111278;87008;58726;106074;126340;30570;30758;27838;24960;82112;52630;36140;113570;74966;48942;75996;69666;61544;58400;79008;73266;81436;67200;25928;61386;44924;25064;91862;96308;50300;101698;99054
36784;56838;64526;42036;113512;46192;18274;70786;54768;36740;122674;70056;36704;138214;109640;55230;144522;135600;15340;48914;29938;29362;79356;52516;44034;96562;86310;43668;111268;87006;58728;106062;126328;30570;30762;27838;24958;82106;52630;36140;113570;74960;48942;75996;69666;61546;58412;79008;73276;81432;67212;25926;61384;44924;25064;91866;96308;50302;101696;99058
38804;55784;72876;44358;116308;40466;18380;73148;50026;37478;108398;68942;36236;140346;95350;56736;140478;135094;15340;48912;29938;29362;79354;52516;44030;96562;86304;43664;111266;87014;58728;106064;126268;30566;33784;31652;24794;67768;54024;36676;96574;60500;50312;86312;65460;60804;46130;61254;72072;97990;114948;24818;61130;42842;24812;96082;88250;49626;108586;93462
38808;55782;72868;44356;116304;40466;18380;73144;50024;37478;108404;68946;36236;140352;95342;56736;140484;135086;15338;48908;29938;29362;79352;52512;44028;96564;86308;43668;111272;87016;58728;106070;126276;30626;33782;31652;24802;67768;54020;36676;96576;60496;50312;86374;65456;60812;46136;61250;72072;97976;114962;24818;61128;42842;24814;96086;88452;49628;108568;93466
37106;54680;53784;42394;113618;41044;18380;73144;50024;37480;108402;68942;36232;140344;95348;56732;140492;135086;15338;48906;29938;29362;79344;52516;44028;96562;86308;43664;111278;87016;58732;106078;126278;30622;33786;31652;24806;67768;54020;36680;96576;60498;50312;86382;65452;60820;46148;61250;72072;97974;114964;24816;61128;42842;24814;96084;88444;49630;108566;93466
37108;54678;53782;42394;113610;41044;18380;73148;50026;37482;108398;68942;36234;140342;95342;56734;140486;135056;15058;51120;30310;29294;77290;56728;43838;89336;78154;44364;100982;99212;58466;125974;100348;30624;33790;31652;24806;67772;54020;36682;96582;60492;50318;86372;65452;60822;46144;61260;72072;97986;114964;25034;60124;44760;24892;89598;97450;50126;115846;97064
37054;55116;71024;43704;115340;43174;18204;74404;39646;36396;118190;71378;36244;166750;107584;55130;166252;143860;15058;51118;30308;29292;77292;56722;43838;89334;78152;44364;100984;99212;58458;125978;100338;30624;33790;31650;24808;67772;54014;36682;96580;60490;50320;86362;65452;60814;46140;61260;72082;98000;114964;25036;60124;44758;24892;89588;97450;50124;115838;97060
37052;55116;71022;43702;115344;43176;18204;74404;39648;36396;118188;71378;36244;166750;107582;55134;166252;143164;15058;51116;30310;29294;77294;56722;43842;89332;78158;44364;100976;99212;58458;125978;100346;30624;33786;31650;24806;67770;54014;36678;96572;60490;50320;86352;65452;60812;46126;61264;72084;98002;114952;25034;60124;44760;24892;89584;97454;50126;115838;97060
36106;54706;69628;41482;113440;57564;18204;74406;39648;36396;118192;71378;36242;166752;107584;55136;166250;143164;15058;51118;30310;29294;77296;56722;43844;89334;78158;44358;100974;99210;58458;125976;100348;30392;35986;29572;24038;80074;46396;36358;117106;61540;49384;56580;71672;61950;105420;59048;73034;58788;88362;24786;60352;48744;24882;95790;95098;49642;109456;102904
36106;54704;69624;41480;113440;57566;18204;74404;39648;36398;118192;71374;36242;166756;107584;55136;166250;143164;15058;51120;30312;29294;77296;56722;43838;89340;78158;44362;100970;99210;58464;125976;100348;30386;35986;29572;24036;80076;46394;36352;117106;61540;49386;56578;71670;61950;105408;59036;73034;58802;88362;24786;60352;48746;24880;95784;95098;49644;109454;102904
36490;60630;76026;43790;114342;41800;21212;72744;41162;39076;105148;74020;36144;162634;105824;55056;147152;108626;17010;52456;26142;29272;87374;60434;43632;90580;88890;44866;117210;94786;58146;110566;96968;30382;35990;29574;24040;80076;46396;36352;117106;61540;49386;56568;71676;61940;105416;59034;73034;58802;88374;24784;60350;48746;24880;95784;95096;49646;109458;102904
36492;60626;76168;43792;114336;41798;21212;72742;41158;39076;105144;74020;36146;162632;105818;55056;147160;108682;17010;52454;26142;29272;87368;60432;43632;90586;88876;44864;117200;94786;58138;110554;96978;30384;35992;29574;24040;80070;46396;36352;117112;61540;49386;56568;71676;61940;105428;59034;73044;58790;88378;25064;60994;48740;25044;92708;94302;52722;112170;93268
36132;55054;71526;45326;113086;38556;21212;72744;41158;39078;105142;74016;36144;162634;105816;55056;147716;108690;17008;52458;26144;29274;87368;60434;43632;90578;88866;44866;117200;94786;58138;110544;96970;30382;35990;29574;24036;80070;46396;36356;117112;61538;49378;56568;71682;61948;105440;59032;73046;58776;88366;25062;60992;48736;25044;92712;94302;52724;112176;93266
36130;55054;71526;45326;113086;38558;21214;72744;41156;39076;105148;74014;36148;162640;105816;55056;147714;108682;17008;52458;26142;29272;87366;60432;43636;90570;88868;44866;117204;94788;58138;110546;96968;30382;35988;29574;24036;80068;46396;36358;117112;61540;49378;56578;71682;61950;105432;59044;73046;58774;88362;25062;60990;48736;25046;92712;94302;52722;112170;93262
38548;54474;59482;41076;114860;40238;20060;76194;60176;36712;101706;70236;38586;138186;89438;55146;147124;139830;17010;52454;26140;29272;87366;60434;43640;90572;88872;44866;117210;94788;58138;110550;96968;32014;34896;27322;24752;77946;51038;38718;101184;66454;49880;51798;64272;61930;81822;59984;72502;81940;90218;24766;60808;44752;24674;90300;67402;50198;112894;98174
38548;54470;59480;41076;114814;40236;20062;76194;60178;36712;101712;70232;38586;138188;89432;55144;147132;139828;14900;47588;31760;29056;78062;57630;44176;86418;68330;44060;94328;86426;58618;103552;120204;32014;34896;27322;24752;77946;51038;38718;101190;66448;49880;51794;64266;61920;81836;59958;72492;81926;90222;24766;60804;44748;24676;90288;67406;50198;112896;98178
36394;54376;54300;38618;113014;42980;20062;76192;60178;36716;101712;70232;38586;138194;89432;55146;147124;139828;14900;47584;31758;29058;78066;57620;44176;86414;68330;44060;94328;86424;58618;103554;120204;32016;34898;27320;24752;77940;51038;38722;101194;66452;49886;51794;64266;61920;81826;60252;72492;81926;90208;24766;60806;44748;24676;90292;67406;50196;112898;98178
36394;54376;54298;38616;113012;43014;20062;76188;60180;36714;101706;70232;38584;138188;89438;55144;147122;139828;14900;47582;31760;29060;78068;57624;44176;86414;68330;44060;94316;86424;58618;103564;120204;32016;34896;27320;24752;77938;51038;38718;101192;66454;49888;51794;64266;61920;81814;60252;72492;81938;90206;25160;61400;44456;25050;95604;87428;49804;102864;94882
36638;58168;56944;45162;107652;55112;18328;73478;43652;36284;118664;77800;38400;166778;97118;54940;176674;123716;14900;47584;31762;29060;78068;57624;44170;86422;68336;44060;94316;86432;58624;103564;120204;32016;34896;27320;24750;77938;51042;38718;101186;66454;49888;51802;64262;61920;81800;59958;72522;81952;90206;25160;61398;44454;25048;95604;87422;49800;102864;94882
36636;58168;56944;45160;107646;55106;18326;73460;43648;36284;118664;77800;38400;166784;97118;54946;176664;123698;14900;47588;31762;29060;78066;57626;44174;86422;68336;44060;94322;86434;58626;103558;120192;32016;34896;27320;24752;77946;51038;38718;101186;66454;49888;51802;64262;61920;81810;59954;72496;81954;90218;25160;61398;44456;25048;95602;87420;49800;102864;94878
36878;55062;71914;44186;111006;41542;18326;73462;43648;36284;118662;77798;38398;166784;97112;54950;176674;123692;14656;53818;36324;29262;81196;67012;43600;88378;84498;43892;111606;109878;58170;144412;115162;30074;33590;29702;24244;72194;53280;37480;97978;69300;49524;65358;82886;61982;71946;56044;73048;34332;99580;24812;60202;45960;26724;85108;90044;49420;110296;99324
36876;55060;71912;44184;111002;41540;18326;73458;43646;36286;118662;77796;38396;166776;97118;54946;176674;123682;14656;53818;36326;29260;81190;67010;43594;88380;83270;43890;111612;109878;58168;144420;115150;30074;33590;29700;24244;72194;53282;37480;97976;69302;49524;65356;82878;61982;71946;56056;73048;34332;99578;24812;60198;45956;26722;85112;90050;49420;110276;99320
37292;55850;61818;44958;112256;39876;18164;58642;53648;36594;109396;66848;36378;163238;106694;55066;176984;130316;14656;53818;36326;29262;81186;67008;43594;88380;83268;43888;111612;109870;58170;144408;115150;30074;33588;29702;24246;72196;53282;37480;97610;69302;49522;65360;82878;61990;71956;56058;73038;34330;99534;24812;60194;45958;26724;85110;90046;49418;110248;99324
37292;55846;61798;44956;112256;39874;18166;58642;53646;36594;109400;66844;36380;163240;106694;55060;176984;130306;14656;53816;36324;29262;81192;67008;43594;88382;83268;43888;111602;109876;58170;144396;115150;30070;33584;29702;24246;72194;53284;37480;97990;69302;49524;65372;82878;61982;71968;56058;73036;34316;99522;25086;61362;42348;25580;91252;94750;49850;130082;96208
36884;55824;60262;42010;104946;46296;18168;58642;53646;36592;109406;66848;36384;163240;106694;55060;176980;130298;14656;53814;36324;29262;81196;67008;43594;88380;83274;43888;111602;109878;58170;144400;115160;30068;33584;29702;24248;72232;53284;37484;97612;69302;49524;65372;82878;61982;71970;56048;73048;34316;99520;25086;61360;42348;25582;91246;94744;49852;130048;96206
36884;55816;60256;42014;104948;46296;18166;58642;53644;36592;109408;66848;36384;163234;106694;55066;176982;130292;14546;55056;34184;29094;84452;72862;44032;85194;69098;43814;123032;105034;58502;119378;123210;30070;33586;29702;24248;72194;53284;37486;97604;69302;49524;65364;82878;61982;71958;56044;73048;34316;99520;25086;61362;42346;25580;91250;94748;49852;130038;96210
39936;56606;60426;38082;114546;43322;18298;31998;55976;37460;115752;71000;37010;142436;89330;69786;174170;137262;14546;55054;34180;29094;84452;72860;44034;85194;69090;43808;123042;105024;58502;119378;123220;30746;34700;29326;24444;77632;49482;36550;123824;65668;48764;114632;49242;61112;47710;91052;72684;28778;99030;24892;60398;45570;25278;84790;88728;49518;105500;101120
39934;56600;60424;38082;114540;43320;18298;31998;55978;37460;115746;71000;37010;142430;89324;69780;174170;137270;14546;55052;34174;29094;84452;72858;44036;85192;69090;43808;123052;105024;58502;119378;123222;30738;34702;29326;24444;77626;49628;36550;123830;65666;48764;114632;49238;61112;47698;91050;72684;28776;99016;24900;60390;45570;25280;84790;88728;49520;105500;101124
44900;54502;54076;38040;111240;53414;18296;32000;55978;37458;115738;70996;37010;142422;89324;69780;174170;137262;14544;55052;34174;29094;84448;72858;44036;85194;69090;43808;123058;105024;58502;119388;123222;30734;34698;29328;24444;77626;49628;36550;123838;65672;48770;114632;49246;61112;47700;91054;72684;28776;99026;24902;60510;45568;25280;84788;88728;49516;105506;101124
44902;54502;54072;38038;111234;53414;18298;32000;55978;37460;115742;70996;37010;142430;89324;69786;174170;137262;14546;55052;34170;29094;84446;72862;44036;85194;69088;43808;123048;105024;58496;119386;123212;30736;34702;29328;24440;77626;49628;36550;123846;65672;48772;114632;49250;61120;47700;91054;72684;28776;99026;25128;62098;47998;25232;95242;82960;49804;119596;92328
;;;;;;18188;42740;43406;36480;107378;72646;37608;154054;109910;68404;201422;132260;14608;52428;37274;29200;90968;57924;43152;120958;72274;43774;105024;99282;61498;128988;121896;30736;34700;29328;24440;77632;49630;36550;123840;65672;48772;114630;49250;61122;47708;90830;72684;28776;99026;25128;62094;48000;25232;95238;82960;49804;119702;92326
;;;;;;18188;42738;43408;36482;107384;72648;37608;154054;109904;68410;201422;132258;14608;52432;37274;29204;90966;57924;43152;120958;72274;43778;105014;99284;61498;128988;121886;30736;34698;29326;24442;77632;49630;36556;123832;65674;48764;114630;49250;61122;47710;90826;72694;28776;99026;25130;62092;47998;25232;95242;82960;49804;119698;92324
;;;;;;18188;42738;43406;36484;107390;72644;37608;154056;109888;68410;201420;132250;14608;52432;37274;29202;90960;57928;43156;120956;72274;43780;105072;99284;61504;128978;121886;31824;32016;27604;24288;70812;56446;36324;101244;53332;49194;62570;57314;61510;36016;92806;73218;88650;74214;24860;61070;45906;24888;93940;86444;49558;86666;95084
;;;;;;18188;42738;43406;36484;107386;72644;37604;154048;109850;68410;201390;132258;14608;52430;37274;29200;90962;57930;43158;120956;72276;43780;105076;99284;61506;128974;121886;31822;32014;27800;24288;70814;56444;36324;101248;53326;49194;62572;57316;61502;36026;92806;73218;88658;74202;24858;61052;45890;24886;93940;86448;49560;86668;95088
;;;;;;19204;48478;28356;36410;119252;72610;36208;127450;101190;60112;162276;119226;14610;52428;37274;29202;90968;57926;43154;120958;72276;43780;105086;99272;61506;128984;121884;31820;32014;27814;24284;70816;56444;36324;101250;53324;49194;62574;57308;61500;36026;92806;73218;88670;74210;24860;61024;45888;24888;93938;86444;49562;86668;95084
;;;;;;19204;48478;28354;36408;119256;72610;36212;127450;101184;60110;162284;119234;14582;54104;31064;29080;92172;65116;44950;96610;81204;43826;110320;91144;59668;146142;127580;31820;32016;27572;24286;70816;56444;36324;101250;53330;49194;62574;57304;61500;36026;92816;73218;88684;74210;25120;61852;46748;26044;90358;85250;50052;106084;93754
;;;;;;19202;48482;28356;36410;119252;72606;36210;127440;101184;60116;162294;119234;14582;54104;31062;29080;92168;65110;44948;96608;81204;43828;110328;91136;59668;146138;127580;31820;32018;27758;24288;70814;56448;36320;101248;53330;49194;62574;57304;61500;36014;92806;73208;88684;74214;25120;61852;46746;26044;90356;85250;50052;106084;93756
;;;;;;19202;48480;28356;36410;119250;72610;36210;127458;101190;60116;162286;119226;14582;54102;31062;29076;92174;65110;44942;96602;81204;43830;110334;91134;59670;146138;127582;31818;32018;27750;24288;70814;56448;36324;101250;53332;49194;62572;57304;61500;36016;92806;73216;88670;74214;25122;61850;46744;26044;90356;85250;50048;106084;93756
;;;;;;18168;73074;35936;36256;105252;74802;39382;149220;92586;55078;125178;126910;14582;54100;31062;29078;92170;65114;44942;96608;81204;43824;110324;91142;59664;146152;127582;30866;33668;27882;24648;74114;44884;36766;93880;64898;48702;71120;76560;60924;41722;70476;72634;63354;71094;24782;62390;46582;24716;88228;92534;49212;118686;101580
;;;;;;18168;73072;35938;36254;105256;74798;39382;149224;92586;55072;125170;126910;14582;54102;31064;29080;92164;65108;44938;96616;81204;43824;110316;91144;59662;146140;127570;30860;33672;27882;24652;74114;44878;36766;93872;64900;48694;71120;76560;60924;41710;70470;72634;63368;71096;24780;62386;46580;24716;88222;92532;49212;118680;101576
;;;;;;18168;73066;35938;36254;105258;74802;39382;149224;92586;55078;125160;126916;15376;54022;27606;29224;95286;62140;45242;104550;72080;43688;117550;80404;58224;130660;106528;30858;33678;27882;24652;74112;44874;36766;93870;64896;48694;71122;76568;60932;41698;70466;72634;63354;71084;24782;62386;46578;24716;88224;92534;49212;118682;101574
;;;;;;18168;73068;35938;36254;105252;74798;39384;149218;92592;55078;125168;126910;15376;54020;27604;29224;95256;62140;45246;104550;72082;43682;117544;80402;58224;130660;106528;30856;33674;27882;24654;74114;44952;36766;93868;64894;48700;71176;76568;60926;41696;70466;72634;63340;71092;25074;61750;47844;25220;85538;96832;50012;118216;104160
;;;;;;18346;74574;34716;36218;99114;73654;36120;129674;106686;55640;174396;136912;15376;54018;27606;29224;95256;62140;45246;104550;72082;43686;117548;80402;58224;130666;106528;30854;33668;27882;24654;74114;44870;36770;93866;64894;48702;71176;76568;60924;41748;70466;72634;63326;71094;25074;61744;47842;25222;85544;96832;50014;118214;104146
;;;;;;18346;74576;34716;36224;99106;73650;36118;129680;106924;55654;174396;136904;15376;54022;27608;29224;95258;62142;45246;104544;72082;43688;117550;80402;58224;130672;106538;30854;33666;27882;24656;74114;44956;36772;93872;64894;48702;71174;76562;60924;41760;70466;72634;63340;71094;25074;61746;47842;25222;85542;96836;50016;118186;104146
;;;;;;18346;74574;34716;36224;99108;73654;36118;129688;106906;55654;174396;136912;15374;54024;27608;29224;95254;62142;45240;104542;72082;43688;117550;80402;58230;130672;106530;30132;30190;27660;24260;86062;46244;36972;92978;66734;48902;54114;62342;63198;40448;77260;73256;47548;96826;24902;60188;47378;24792;92912;86694;49512;119266;98708
;;;;;;18346;74574;34716;36224;99112;73654;36118;129680;106836;55648;174398;136912;14504;55522;25522;29066;81172;67374;44632;109758;76722;44192;136408;114598;60426;127568;104346;30128;30190;27662;24262;86060;46242;36972;92970;66728;48904;54122;62346;63200;40458;77254;73256;47536;96794;24902;60176;47376;24792;92910;86686;49512;119266;98766
;;;;;;18124;67264;38840;36528;101426;72830;36270;156906;95918;55706;165348;138934;14502;55520;25520;29066;81174;67376;44636;109714;76724;44196;136404;114586;60426;127558;104336;30128;30186;27660;24262;86062;46242;36972;92962;66724;48902;54122;62346;63200;40470;77258;73256;47522;96794;24902;60170;47368;24792;92906;86690;49512;119258;98760
;;;;;;18124;67266;38838;36528;101428;72830;36270;156906;95912;55700;165332;139268;14502;55522;25518;29064;81174;67376;44640;109566;76722;44196;136394;114578;60432;127556;104338;30126;30186;27660;24262;86066;46242;36972;92968;66724;48902;54122;62338;63200;40472;77258;73266;47520;96778;25104;61262;48502;24936;84164;90582;49940;114404;96414
;;;;;;18126;67268;38838;36526;101432;72828;36270;156898;95918;55704;165330;139246;14504;55524;25518;29066;81170;67376;44642;109572;76722;44200;136388;114576;60434;127560;104328;30128;30188;27660;24258;86060;46240;36972;92968;66724;48908;54112;62334;63200;40462;77258;73268;47534;96762;25102;61234;48500;24938;84162;90582;49936;114402;96410
;;;;;;18124;67266;38840;36528;101432;72828;36272;156896;95914;55706;165338;139244;14504;55522;25520;29066;81168;67380;44642;109574;76722;44198;136398;114568;60434;127564;104172;30126;30192;27660;24258;86060;46244;36976;92966;66730;48910;54114;62334;63192;40450;77258;73268;47546;96774;25104;61230;48494;24938;84166;90582;49936;114410;96408
;;;;;;19848;75246;51552;37464;106416;66998;36218;153536;105312;55094;136448;129238;14902;53886;26516;29304;64974;51574;43662;111666;65218;43508;112534;92734;58650;134790;120652;30778;33070;27610;24404;70314;51196;36778;87246;55176;48542;54780;72326;62730;40932;62518;72646;58808;104176;24822;61534;47564;24726;99058;88278;50072;104152;91368
;;;;;;19850;75242;51548;37462;106416;66994;36218;153530;105306;55094;136438;129244;14902;53886;26514;29306;64974;51572;43662;111674;65218;43502;112530;92712;58648;134792;120930;30776;33072;27608;24404;70314;51194;36772;87246;55172;48542;54770;72272;62730;40932;62518;72646;58804;104180;24822;61534;47564;24726;99058;88282;50090;104152;91362
;;;;;;19850;75242;51548;37462;106412;66994;36218;153536;105290;55096;136428;129244;14902;53888;26516;29308;64974;51570;43660;111676;65212;43502;112536;92720;58650;134798;120870;30776;33068;27606;24404;70314;51194;36772;87248;55170;48548;54768;72272;62740;40932;62528;72644;58818;104180;24822;61534;47564;24728;99056;88278;50090;104152;91360
;;;;;;19850;75242;51548;37464;106406;66998;36218;153542;105282;55096;136434;129236;14902;53892;26516;29308;64978;51574;43662;111674;65216;43502;112548;92722;58650;134798;120868;30774;33068;27608;24404;70314;51198;36772;87250;55170;48542;54768;72268;62740;40922;62532;72646;58832;104180;24992;60626;50090;24966;93124;87890;50254;120280;106782
;;;;;;18218;74428;54126;37292;107904;70542;36558;143414;109100;54924;145690;129190;14902;53890;26518;29308;64974;51574;43662;111672;65218;43506;112544;92722;58650;134786;120822;30774;33066;27608;24404;70314;51198;36776;87258;55170;48542;54778;72262;62730;40920;62522;72646;58832;104180;24992;60624;50090;24964;93344;87880;50252;120276;106772
;;;;;;18218;74428;54128;37292;107906;70542;36558;143414;109092;54918;145690;129188;14764;44456;28534;28800;78914;68630;44012;96446;74836;44340;112906;88144;58688;117092;120256;30774;33070;27610;24404;70314;51198;36778;87260;55170;48542;54780;72260;62730;40920;62518;72646;58820;104180;24992;60624;50088;24966;93120;87880;50252;120272;106762
;;;;;;18216;74430;54126;37294;107902;70542;36558;143406;109086;54918;145690;129188;14762;44460;28534;28800;78906;68632;44006;96440;74842;44334;112912;88142;58688;117080;120244;30204;32904;29730;24346;74126;46374;36062;106612;57302;49066;61914;68700;61722;51884;67918;72332;44564;74664;24814;61788;47196;24798;89048;85844;49654;115372;93948
;;;;;;18214;74430;54124;37290;107900;70542;36544;143408;109092;54866;145690;129188;14756;44464;28532;28788;78908;68632;43976;96442;74838;44306;112902;88144;58658;117084;120244;30162;32908;29728;24332;74122;46384;36038;106610;57296;49052;61914;68708;61704;51884;67918;72286;44570;74662;24808;61792;47194;24780;89048;85848;49636;115368;93948
;;;;;;19100;74878;40682;36570;106210;67624;36348;146788;103636;55214;150508;129000;14752;44460;28532;28786;78914;68634;43970;96444;74836;44304;112892;88144;58658;117094;120244;30144;32908;29726;24344;73846;46390;36032;106608;57294;49050;61912;68710;61684;51882;67918;72272;44556;74664;24806;61792;47194;24778;89048;85844;49630;115376;93948
;;;;;;19098;75030;40678;36570;106208;67616;36348;146792;103632;55210;150516;129004;14752;44456;28534;28780;78918;68634;43964;96446;74836;44304;112898;88144;58656;117094;120242;30144;32906;29726;24342;73840;46390;36034;106602;57300;49050;61912;68710;61684;51884;67918;72272;44540;74664;25088;61896;44682;24980;96012;96776;49826;103092;99208
;;;;;;19098;75022;40678;36570;106206;67616;36348;146794;103630;55208;150516;129000;14764;30912;33656;29192;85676;54872;43630;92884;74204;44410;114104;98280;58934;119872;111880;30144;32902;29728;24342;73838;46390;36034;106602;57302;49042;61912;68710;61682;51884;67906;72272;44540;74664;25086;61894;44682;24978;96012;96776;49822;103098;99204
;;;;;;19096;75026;40678;36570;106208;67616;36346;146788;103630;55208;150518;129000;14762;30906;33656;29190;85678;54874;43634;92876;74220;44410;114106;98282;58926;119872;111854;30144;32902;29728;24344;73838;46390;36032;106604;57302;49042;61910;68710;61690;51928;67914;72272;44554;74664;25084;61894;44682;24980;96012;96772;49822;103090;99206
;;;;;;18218;75240;52308;36582;97736;74366;41204;158546;99042;56602;163292;132952;14764;30906;33656;29190;85670;54876;43638;92882;74268;44410;114110;98282;58932;119862;111854;30600;34542;25498;24424;76796;41686;36498;114144;62478;48630;68406;82884;65016;62778;65246;72882;52942;92484;24916;60986;45426;24808;90580;80742;50456;87686;92246
;;;;;;18218;75236;52310;36584;97734;74362;41202;158546;99042;56602;163288;132952;14764;30908;33656;29190;85670;54876;43640;92890;74268;44410;114116;98282;58934;119862;111842;30600;34538;25496;24424;76782;41676;36500;114154;62506;48632;68414;82874;65016;62766;65248;72882;52980;93592;24916;60986;45424;24808;90576;80734;50456;87684;92244
;;;;;;18220;75232;52308;36584;97738;74362;41204;158538;99048;56602;163298;132944;14764;30908;33658;29190;85672;54878;43636;92888;74268;44404;114114;98282;58934;119864;111852;30600;34538;25496;24424;76462;41670;36500;114146;62506;48632;68412;82870;65016;62764;65248;72882;52980;93586;24916;60986;45426;24810;90574;80734;50456;87690;92246
;;;;;;18220;75232;52308;36584;97740;74366;41206;158546;99042;56608;163300;132944;14510;31606;32688;29108;69472;60232;44134;81810;80168;45102;119226;100474;58602;143132;105042;30598;34542;25498;24424;76516;41668;36498;114140;62506;48640;68404;82870;65016;62766;65246;72882;52980;93596;25102;62098;46068;25008;93156;94992;51068;118002;101158
;;;;;;18352;74716;55068;36296;111128;71854;38536;145446;103512;56232;160256;132868;14512;31606;32688;29112;69472;60232;44128;81818;80166;45106;119214;100740;58608;143130;105042;30598;34546;25498;24426;76518;41664;36502;114132;62504;48638;68396;82870;65024;62766;65248;72882;52966;93596;25102;62070;46070;25008;93156;94986;51068;117996;101154
;;;;;;18354;74714;55068;36296;111126;71854;38534;145442;103510;56232;160256;132868;14514;31604;32786;29112;69476;60236;44128;81816;80166;45104;119212;100740;58610;143118;105052;30596;34546;25680;24426;76518;41660;36504;114138;62474;48638;68394;82878;65026;62778;65246;72894;52966;93594;25102;62070;46068;25008;93160;94984;51064;117994;101148
;;;;;;18354;74712;55068;36298;111126;71854;38534;145436;103516;56228;160256;132860;14514;31604;32688;29110;69474;60236;44128;81808;80160;45104;119222;100740;58610;143120;105042;30760;34422;27406;24288;83106;40654;36368;116282;57880;48952;71008;89024;61132;56338;49616;82362;34762;93828;24790;61794;48344;24806;100468;88756;49500;132084;95550
;;;;;;18352;74714;55068;36300;111128;71854;38538;145442;103510;56226;160256;132868;14512;31604;32688;29110;69470;60234;44132;81808;80164;45102;119226;100732;58610;143130;105044;30760;34426;27404;24290;83108;40658;36368;116282;57880;48950;71000;89020;61140;56338;49614;82362;34750;93692;24792;61798;48342;24808;100468;88760;49500;132070;95546
;;;;;;18210;67818;46638;36506;103406;69590;36378;168498;104650;52718;151750;127216;16456;42654;25808;29616;79594;67014;43624;87608;79944;45240;101934;104286;58284;131510;125334;30758;34430;27404;24290;83114;40660;36372;116286;57880;48950;70996;89030;61132;56348;49626;82362;34746;93670;24790;61786;48342;24808;100468;88760;49500;132062;95546
;;;;;;18210;67814;46638;36522;103400;69590;36378;168502;104644;52726;151758;127220;16456;42664;25806;29612;79594;67010;43624;87606;79968;45244;101930;104284;58284;131524;125332;30758;34430;27406;24290;83108;40660;36368;116290;57880;48956;70998;89032;61132;56362;49630;82362;34760;93670;25064;60698;48456;24938;100220;98832;50482;117714;99892
;;;;;;18212;67812;46638;36524;103400;69590;36380;168496;104644;52728;151750;127224;16456;42662;25804;29612;79590;67010;43624;87602;79976;45246;101938;104286;58286;131536;125342;30760;34426;27406;24290;83108;40660;36368;116290;57880;48958;71008;89032;61132;56362;49630;82362;34776;93670;25062;60696;48454;24936;100216;98836;50482;117712;99892
;;;;;;18210;67810;46640;36526;103400;69590;36382;168494;104644;52724;151748;127222;16456;42658;25804;29616;79590;67010;43624;87602;79970;45242;101946;104286;58284;131530;125342;30760;34422;27408;24286;83104;40660;36368;116282;57880;48958;71008;89032;61132;56350;49618;82362;34774;93682;25060;60690;48456;24936;100214;98836;50482;117712;99892
;;;;;;18334;76080;47916;37136;102984;66236;36166;111128;96672;55066;166736;134218;16456;42658;25804;29616;79592;67010;43628;87608;79974;45240;101936;104286;58284;131518;125344;30728;31086;28026;24396;73378;50956;36318;99816;57866;50840;102148;72134;60968;54598;56276;72484;51698;91678;24876;61894;45912;24754;102126;93736;49482;116138;98780
;;;;;;18334;76232;47914;37134;102982;66234;36172;111120;96666;55056;166744;134218;15668;51430;31194;29376;85218;58950;44046;94074;87176;44790;119990;83982;58888;115760;119510;30728;31082;28028;24398;73382;50954;36316;99812;57866;50842;102150;72134;60966;54600;56274;72472;51712;91662;24878;61894;45910;24754;102122;93740;49482;116144;98776
;;;;;;18334;76226;47916;37134;102988;66234;36170;111120;96666;55060;166738;134218;15668;51426;31192;29376;85216;58950;44052;94050;87168;44790;119982;83732;58888;115752;119462;30726;31078;28028;24398;73386;50952;36316;99808;57872;50848;102142;72142;60966;54590;56262;72482;51726;91676;24880;61892;45904;24752;102122;93736;49484;116136;98780
;;;;;;18334;76220;47918;37136;102996;66230;36170;111120;96666;55060;166736;134210;15668;51426;31192;29376;85220;58950;44048;94042;87168;44786;119992;83972;58880;115752;119460;30726;31078;28028;24398;73390;50952;36320;99808;57858;50848;102142;72142;60974;54576;56258;72484;51724;91662;25462;62352;50048;24960;103090;98802;49970;114326;105058
;;;;;;18202;75174;56880;36646;107214;72986;36894;69536;100184;62326;149806;132568;15666;51430;31192;29376;85224;58950;44048;94036;87168;44788;120002;83980;58880;115746;119414;30730;31082;28026;24398;73384;50956;36322;99814;57850;50840;102142;72138;60976;54576;56258;72484;51712;91632;25460;62426;50046;24960;103088;98802;49970;114330;105058
;;;;;;18202;75174;56876;36648;107212;72980;36890;69530;100190;62326;149814;132558;15666;51432;31192;29376;85222;58950;44046;94044;87168;44790;120000;83982;58880;115750;119380;30728;31086;28024;24398;73384;50956;36322;99816;57850;50840;102150;72134;60976;54586;56270;72484;51698;91344;25460;62416;50048;24958;103088;98806;49970;114322;105058
;;;;;;18204;75172;56876;36646;107212;72980;36892;69530;100190;62326;149816;132558;14642;56040;36266;29296;87136;60880;43740;81706;79108;44486;94672;100034;58082;126070;105218;30354;31786;27640;24986;78006;57078;36410;105250;68510;49010;68976;52232;62752;48478;62508;73578;37506;75892;;;;;;;;;
;;;;;;18204;75170;56872;36644;107210;72982;36894;69532;100190;62320;149814;132558;14642;56038;36268;29298;87136;60880;43740;81706;79102;44486;94682;100034;58088;126072;105226;30350;31790;27640;24986;78006;57076;36420;105248;68510;49018;68984;52232;62750;48488;62506;73576;37492;75892;;;;;;;;;
;;;;;;19136;73316;54830;36370;105954;72956;36188;117220;104972;60804;180646;116136;14642;56030;36266;29298;87132;60876;43740;81706;79106;44482;94676;100034;58090;126074;105226;30350;31794;27640;24986;78000;57076;36422;105256;68502;49010;68986;52232;62750;48490;62496;73576;37480;75890;;;;;;;;;
;;;;;;19134;73312;54828;36378;105950;72950;36186;117214;104972;60822;180646;116144;14644;56030;36264;29304;87132;60878;43744;81708;79106;44496;94666;100026;58114;126070;105226;30350;31794;27640;24986;78004;57076;36428;105256;68502;49026;68976;52236;62752;48490;62508;73576;37466;75888;;;;;;;;;
;;;;;;19134;73312;54830;36380;105950;72950;36186;117212;104972;60828;180638;116144;14646;56028;36264;29310;87132;60876;43746;81708;79108;44510;94666;100032;58116;126062;105226;30350;31790;27640;25022;78006;57076;36434;105256;68506;49040;68966;52236;62770;48480;62492;73576;37478;75892;;;;;;;;;
;;;;;;19136;73312;54830;36382;105948;72950;36188;117214;104972;60840;180636;116136;16644;50076;31638;28934;84954;56968;44140;96138;83608;44864;115218;96280;58496;107702;107022;30346;31786;27640;25022;78010;57082;36434;105250;68506;49050;68966;52226;62770;48478;62502;73586;37492;75892;;;;;;;;;
;;;;;;18198;71352;58928;36976;100964;63044;38698;137976;53516;55194;161220;127980;16642;50078;31636;28934;84954;56966;44138;96138;83606;44852;115222;96278;58488;107700;107014;30588;31112;27412;32306;78594;60784;36732;99256;77298;48936;72144;55628;60406;37632;61390;72746;56086;108972;;;;;;;;;
;;;;;;18196;71300;58926;36972;100968;63042;38704;137984;53516;55186;161218;127970;16640;50080;31634;28930;85198;56966;44138;96140;83606;44856;115232;96278;58488;107698;107000;30598;31112;27410;32306;78592;60780;36732;99256;77290;48928;72142;55628;60394;37620;61386;72756;56084;108970;;;;;;;;;
;;;;;;18196;71300;58928;36972;100970;63040;38704;137984;53516;55182;161226;127962;16640;50078;31634;28930;85200;56966;44132;96140;83606;44858;115232;96286;58496;107692;106998;30598;31110;27410;32306;78586;60780;36732;99262;77462;48928;72150;55620;60396;37628;61384;72756;56084;108968;;;;;;;;;
;;;;;;18196;71300;58930;36974;100964;63040;38704;137978;53512;55188;161226;127962;16640;50078;31632;28930;85206;56970;44132;96146;83612;44858;115226;96288;58496;107702;106988;30598;31106;27412;32306;78584;60778;36732;99270;77462;48928;72150;55624;60394;37638;61392;72754;56098;108966;;;;;;;;;
;;;;;;18388;73244;59488;36234;110362;73448;36168;124968;58730;58140;163488;135818;14682;53486;36154;29172;78974;64964;43838;92778;70222;44474;109986;108216;58104;133464;124418;30596;31104;27414;32306;78584;60782;36734;99272;77464;48928;72150;55624;60402;37650;61396;72754;56098;108966;;;;;;;;;
;;;;;;18388;73244;59488;36232;110366;73442;36170;124960;58730;58140;163478;135810;14682;53480;36156;29174;78968;64960;43838;92776;70220;44474;109988;108214;58104;133452;124430;30596;31106;27768;32306;78586;60782;36728;99266;77464;48928;72140;55628;60404;37640;61386;72764;56096;108966;;;;;;;;;
;;;;;;18388;73246;59492;36234;110372;73442;36168;124954;58730;58140;163462;135802;14682;53482;36156;29174;78970;64958;43838;92778;70222;44474;109988;108214;58110;133440;124430;30488;33470;26756;30210;64196;54206;36368;88680;57670;49816;80830;49044;60902;79700;51932;73152;46042;76886;;;;;;;;;
;;;;;;18388;73242;59490;36234;110366;73446;36168;124960;58730;58144;163462;135810;14680;53484;36156;29170;78976;64958;43838;92782;70228;44474;109986;108222;58112;133444;124420;30486;33472;26756;30210;64202;54354;36368;88676;57670;49816;80822;49042;60902;79710;51928;73140;46058;76886;;;;;;;;;
;;;;;;18190;68456;47702;36194;108480;65536;38088;148764;56572;58122;171834;136900;14682;53486;36156;29170;78978;64952;43842;92776;70230;44474;109986;108224;58112;133454;124418;30486;33470;26758;30206;64206;54354;36362;88676;57670;49816;80812;49042;60902;79700;51928;73150;46072;76898;;;;;;;;;
;;;;;;18190;68456;47700;36198;108474;65536;38090;148756;56572;58140;171832;136890;14490;52668;31418;28980;76628;68650;43856;88260;72768;44840;132486;100418;58720;109560;107756;30486;33466;26756;30206;64212;54330;36362;88668;57670;49810;80804;49052;60902;79698;51938;73152;46058;76898;;;;;;;;;
;;;;;;18190;68458;47700;36198;108468;65536;38090;148764;56572;58144;171832;136882;14492;52668;31416;28982;76630;68648;43862;88252;72768;44840;132494;100410;58728;109572;107756;30486;33464;26756;30206;64208;54320;36362;88672;57670;49814;80814;49052;60902;79688;51928;73152;46044;76890;;;;;;;;;
;;;;;;18190;68458;47698;36198;108474;65536;38086;148758;56572;58146;171832;136888;14492;52664;31416;28984;76632;68644;43862;88254;72768;44840;132494;100410;58724;109584;107746;30484;33466;26758;30208;64202;54318;36368;88670;57670;49816;80824;49052;60894;79700;51928;73152;46030;76886;;;;;;;;;
;;;;;;18316;73428;49356;37366;112366;72360;39002;133074;101978;57888;144638;138752;14492;52664;31418;28984;76632;68644;43862;88256;72774;44840;132490;100410;58726;109578;107744;30626;23768;27716;30062;73042;55334;36714;87326;60144;48722;87408;65276;60322;55714;79720;72592;45788;80710;;;;;;;;;
;;;;;;18318;73430;49356;37370;112366;72362;38998;133066;101978;57888;144646;138750;14492;52666;31546;28984;76630;68640;43856;88260;72774;44842;132486;100418;58728;109566;107754;30624;23766;27720;30062;73040;55334;36714;87324;60142;48728;87412;65276;60322;55704;79720;72592;45772;80696;;;;;;;;;
;;;;;;18318;73428;49358;37370;112372;72356;38998;133060;101978;57888;144648;138750;15932;53300;32244;29336;92562;61010;43858;111758;69188;44472;150412;85338;58082;139514;126128;30622;23770;27722;30062;73036;55328;36714;87332;60148;48734;87422;65276;60330;55702;79720;72592;45760;80680;;;;;;;;;
;;;;;;18318;73428;49358;37370;112366;72356;38998;133066;101980;57892;144638;138750;15932;53302;32242;29338;92560;61004;43862;111766;69186;44472;150408;85310;58084;139512;126128;30622;23774;27722;30064;73034;55328;36714;87338;60148;48736;87432;65276;60324;55702;79720;72602;45772;80682;;;;;;;;;
;;;;;;18248;74828;43692;36626;104768;74040;37406;165974;97836;58156;149048;134354;15934;53300;32240;29338;92556;61002;43858;111766;69188;44472;150398;85302;58082;139512;126138;30622;23776;27722;30066;73036;55326;36708;87332;60144;48730;87424;65276;60322;55714;79720;72604;45786;80666;;;;;;;;;
;;;;;;18250;74830;43692;36626;104760;74040;37410;165974;97830;58156;149054;134354;15934;53298;32242;29336;92562;60996;43858;111412;69188;44476;150392;85300;58082;139512;126128;30626;23772;27722;30066;73038;55332;36712;87330;60142;48730;87416;65274;60322;55714;80010;72594;45800;80666;;;;;;;;;
;;;;;;18250;74828;43692;36626;104758;74040;37414;165974;97836;58156;149044;134354;15932;53296;32244;29334;92562;61002;43858;111406;69188;44478;150402;85288;58082;139512;126128;30396;28044;27298;29890;76356;56184;36458;94978;67426;48744;72442;75478;60622;52712;63534;73482;63766;64466;;;;;;;;;
;;;;;;18250;74824;43686;36626;104766;74040;37414;165966;97836;58154;149042;134354;14780;52472;34000;29084;80058;68216;43842;92898;66960;48066;116546;83086;60844;133622;113836;30396;28042;27298;29890;76362;56184;36452;94978;67408;48744;72434;75478;60624;52720;63510;73494;63780;64452;;;;;;;;;
;;;;;;19080;74732;58168;36898;103866;72038;36124;122648;101064;58210;141270;137048;14780;52594;34000;29084;80058;68216;43842;92890;66960;48066;116538;83036;60844;133622;113832;30396;28038;27298;29890;76362;56184;36452;94978;67398;48744;72424;75482;60632;52722;63488;73484;63782;64338;;;;;;;;;
;;;;;;19078;74728;58170;36902;103868;72036;36120;122648;101058;58210;141260;137048;14780;52592;33998;29080;80060;68216;43842;92886;66958;48066;116546;83028;60844;133622;113832;30394;28034;27298;29890;76362;56182;36454;94972;67394;48744;72424;75482;60632;52722;63468;73484;63770;64322;;;;;;;;;
;;;;;;19078;74726;58168;36900;103872;72034;36120;122650;101064;58210;141268;137040;14782;52592;34000;29080;80060;68220;43842;92892;66966;48062;116548;83026;60844;133622;113842;30388;28036;27298;29886;76354;56184;36458;94972;67392;48750;72432;75482;60632;52710;63480;73484;63754;64318;;;;;;;;;
;;;;;;19078;74684;58168;36900;103872;72034;36120;122646;101064;58210;141278;137040;14780;52598;34000;29080;80064;68220;43836;92900;66962;48060;116544;83026;60844;133622;113844;30388;28040;27298;29886;76352;56184;36458;94972;67392;48752;72442;75482;60632;52706;63482;73482;63754;64320;;;;;;;;;
;;;;;;18220;71694;42974;36550;105084;72634;38240;139028;100822;57908;156110;137780;15312;54398;36156;29242;90626;65744;43620;107600;77396;44554;101248;80052;58386;83524;127110;35752;41880;26764;33100;83932;53086;36624;119072;73892;48678;63698;82422;60382;94994;75146;71926;75194;72358;;;;;;;;;
;;;;;;18220;71694;42972;36546;105076;72634;38238;139026;100828;57908;156116;137772;15312;54398;36152;29242;90630;65744;43620;107604;77382;44554;101244;80052;58386;83512;127110;35750;41876;26788;33100;83934;53088;36624;119070;73892;48678;63698;82400;60382;94982;75134;71926;75180;72370;;;;;;;;;
;;;;;;18218;71692;42972;36546;105072;72630;38238;139030;100828;57908;156128;137772;15312;54396;36150;29242;90626;65746;43620;107604;77378;44554;101234;80054;58386;83510;127110;35746;41874;26776;33096;83936;53084;36624;119078;73892;48684;63698;82398;60390;94992;75134;71926;75192;72356;;;;;;;;;
;;;;;;18218;71694;42972;36548;105072;72634;38240;139032;100828;57912;156118;137780;15312;54396;36150;29246;90624;65746;43620;107606;77380;44554;101230;80046;58386;83506;127110;35748;41878;26734;33096;83936;53082;36620;119076;73892;48678;63688;82398;60392;95004;75134;71936;75192;72358;;;;;;;;;
;;;;;;18460;71446;39436;36532;97448;65606;36190;142904;87198;57274;202418;125810;15310;54398;36152;29246;90626;65740;43626;107606;77374;44554;101238;80044;58386;83518;127110;35748;41878;26734;33100;83932;53086;36624;119076;73892;48678;63688;82386;60392;95016;75144;71938;75206;72358;;;;;;;;;
;;;;;;18460;71446;39432;36528;97446;65602;36196;142898;87198;57270;202418;125804;14542;45084;28980;29090;96422;58562;45664;103600;78094;44956;157260;94540;58662;103158;112844;35748;41876;26734;33100;83932;53086;36624;119070;73892;48678;63688;82396;60392;95006;75104;71938;75194;72356;;;;;;;;;
;;;;;;18460;71584;39434;36528;97452;65602;36194;142898;87198;57268;202410;125810;14542;45086;28978;29088;96426;58560;45664;103598;78094;44956;157258;94542;58664;103164;112822;30798;37948;27498;28640;87322;53156;36334;114538;66604;48748;71048;77018;60508;96470;71656;73110;76134;86416;;;;;;;;;
;;;;;;18460;71584;39432;36528;97454;65602;36192;142902;87198;57272;202406;125810;14542;45212;28978;29088;96420;58556;45670;103594;78096;44960;157258;94542;58664;103176;112820;30798;37950;27496;28640;87318;53154;36334;114878;66604;48748;71048;77014;60498;96482;71656;73110;76130;86416;;;;;;;;;
;;;;;;18202;69664;51638;36432;104764;70558;36508;128960;102014;58868;170230;131950;14544;45206;28978;29088;96418;58554;45664;103588;78094;44958;157268;94540;58656;103176;112822;30798;37950;27498;28640;87318;53154;36338;114878;66604;48748;71048;77016;60506;96484;71646;73110;76134;86416;;;;;;;;;
;;;;;;18204;69666;51636;36436;104764;70558;36508;128972;102014;58870;170228;131958;14542;45206;28978;29088;96420;58558;45664;103596;78096;44956;157258;94540;58656;103162;112828;30798;37946;27500;28642;87312;53158;36340;114870;66604;48740;71048;77006;60508;96484;71646;73110;76136;86416;;;;;;;;;
;;;;;;18204;69668;51638;36436;104764;71720;36504;128966;102014;58872;170236;131966;15236;40510;31770;29258;96972;57968;43754;112358;78094;43916;135054;102514;58394;140936;83664;30798;37946;27500;28644;87316;53158;36340;114868;66602;48746;71048;76994;60508;96472;71646;73110;76148;86416;;;;;;;;;
;;;;;;18204;69668;51638;36436;104758;70558;36506;128958;102014;58868;170238;131966;15234;40514;31768;29254;96972;57966;43754;112352;78092;43922;135056;102514;58394;140922;83664;30798;37946;27500;28644;87320;53158;36340;114538;66602;48748;71048;76992;60508;96470;71656;73100;76148;86428;;;;;;;;;
;;;;;;18352;75616;54658;37434;120066;70164;36178;113974;103848;57598;160242;124566;15234;40516;31770;29254;96976;57968;43758;112358;78092;43922;135058;102514;58394;140916;83654;30672;32746;31884;24506;78572;53758;36572;116720;66798;48784;89102;72702;60452;117074;74020;72576;57966;109370;;;;;;;;;
;;;;;;18352;75612;54658;37430;120064;70160;36178;113964;103840;57602;160234;124558;15234;40512;31770;29254;96974;57968;43760;112366;78094;43918;135048;102514;58392;140928;83652;30662;32748;31884;24508;78572;53754;36572;116714;66796;48790;89100;72702;60452;117086;74018;72576;57956;109368;;;;;;;;;
;;;;;;18350;75616;54658;37430;120058;70162;36180;113962;103840;57604;160242;124558;15236;40508;31770;29256;96972;57968;43754;112364;78094;43916;135046;102514;58394;140938;83654;30664;32750;31882;24508;78576;53674;36572;116720;66796;48796;89100;72702;60460;117086;74032;72576;57952;109366;;;;;;;;;
;;;;;;18352;75616;54660;37432;120062;70158;36182;113970;103836;57604;160250;124566;14616;41022;34700;29056;85378;63772;44492;85016;67910;43878;116518;106802;58732;119706;116080;30662;32750;31880;24506;78584;53534;36572;116724;66796;48798;89108;72702;60462;117086;74022;72576;57942;109364;;;;;;;;;
;;;;;;18698;73720;51712;36524;107624;71158;36978;154338;93268;57990;129592;130530;14614;41022;34698;29058;85372;63768;44496;85022;67914;43878;116518;106800;58732;119714;116080;30662;32746;31882;24504;78584;53670;36572;116730;66802;48798;89110;72710;60462;117076;74018;72576;57956;109378;;;;;;;;;
;;;;;;18704;73722;51708;36522;107624;71162;36978;153898;93274;57990;129600;130530;14614;41022;34700;29054;85378;63770;44500;85016;67914;43882;116522;106802;58732;119714;116084;30662;32746;31882;24504;78582;53670;36576;116722;66804;48792;89110;72702;60462;117076;74020;72576;57956;109380;;;;;;;;;
;;;;;;18706;73722;51710;36522;107622;71156;36978;153900;93268;57988;129600;130530;14614;41024;34700;29054;85382;63770;44502;85016;67916;43884;116526;106794;58724;119702;116072;34756;34110;29884;25020;65324;57876;36470;89958;70058;49010;68414;64650;61160;35798;85868;73210;45468;81544;;;;;;;;;
;;;;;;18708;73720;51710;36522;107628;71154;36978;153898;93268;57990;129592;130516;14614;41024;34702;29054;85376;63652;44498;85016;67916;43884;116526;106800;58724;119700;116070;34756;34106;29884;25018;65322;57880;36474;89962;70050;49010;68410;64648;61162;35798;85868;73210;45482;81432;;;;;;;;;
;;;;;;;;;;;;;;;;;;15212;47684;29960;29198;87936;69728;43660;102340;76448;43638;132858;104554;58668;133668;111328;34756;34106;29884;25018;65322;57880;36476;89970;70036;49010;68420;64648;61154;35798;85868;73210;45468;81420;;;;;;;;;
;;;;;;;;;;;;;;;;;;15212;47684;29960;29200;87938;69728;43660;102348;76454;43644;132858;104546;58668;133664;111322;34754;34110;29884;25020;65318;57880;36476;89978;70026;49010;68420;64648;61152;35798;85868;73210;45454;81428;;;;;;;;;
;;;;;;;;;;;;;;;;;;15212;47684;29960;29200;87936;69728;43660;102352;76454;43644;132852;104544;58668;133664;111322;34754;34116;29884;25022;65316;57878;36470;89974;70026;49016;68420;64648;61152;35796;85858;73210;45440;81432;;;;;;;;;
;;;;;;;;;;;;;;;;;;15212;47686;29962;29198;87932;69730;43660;102346;76456;43640;132848;104544;58674;133664;111312;34752;34114;29886;25022;65316;57876;36470;89966;70026;49018;68412;64656;61152;35796;85868;73200;45454;81432;;;;;;;;;
;;;;;;;;;;;;;;;;;;15212;47684;29962;29202;87920;69726;43658;102338;76450;43642;132848;104544;58676;133666;111310;31410;34074;27778;24536;76852;43014;37084;107162;61384;48684;45718;66978;60666;35378;85290;72646;78890;96648;;;;;;;;;
;;;;;;;;;;;;;;;;;;14556;46662;34176;30268;81972;63840;43880;109570;65924;43842;127262;98906;58838;148942;127544;31410;34076;27782;24534;76848;43012;37084;107164;61382;48690;45728;66976;60666;35368;85290;72634;78890;96652;;;;;;;;;
;;;;;;;;;;;;;;;;;;14554;46656;34174;30268;81972;63842;43880;109920;65918;43844;127262;98894;58838;148936;127522;31408;34074;27782;24536;76846;43012;37084;107164;61388;48692;45728;66978;60664;35366;85290;72634;78904;96652;;;;;;;;;
;;;;;;;;;;;;;;;;;;14554;46656;34174;30270;81976;63840;43874;109918;65918;43844;127258;98894;58838;148940;127522;31408;34072;27782;24530;76852;43012;37082;107162;61386;48692;45728;66980;60666;35366;85290;72640;78904;96640;;;;;;;;;
;;;;;;;;;;;;;;;;;;14554;46660;34176;30272;81970;63846;43880;109918;65918;43840;127268;98886;58838;148950;127522;31406;34070;27778;24530;76852;43010;37084;107162;61384;48692;45720;66980;60666;35376;85290;72646;78904;96636;;;;;;;;;
;;;;;;;;;;;;;;;;;;14554;46664;34178;30272;81968;63840;43880;109924;65924;43838;127272;98892;58830;148942;127556;31406;34074;27778;24532;76854;43012;37084;107162;61386;48686;45718;66980;60666;35378;85300;72646;78890;96634;;;;;;;;;
;;;;;;;;;;;;;;;;;;14800;53426;26852;29184;80036;67280;43590;103114;70046;44492;91676;96710;58524;119660;111222;30334;33010;25100;24166;72284;56042;36630;117510;57996;56326;53828;82228;60756;52192;92668;73362;38348;91124;;;;;;;;;
;;;;;;;;;;;;;;;;;;14800;53426;26852;29184;80038;67276;43590;103114;70078;44496;91674;96708;58524;119660;111222;30332;33012;25100;24162;72288;56040;36636;117510;58100;56346;53816;82220;60758;52180;92570;73362;38334;91110;;;;;;;;;
;;;;;;;;;;;;;;;;;;14800;53426;26852;29180;80036;67274;43602;103114;70070;44498;91668;96708;58524;119658;111224;30332;33014;25096;24162;72286;56044;36652;117510;58094;56364;53814;82220;60768;52178;92570;73398;38322;91106;;;;;;;;;
;;;;;;;;;;;;;;;;;;14802;53422;26852;29182;80036;67268;43618;103120;70070;44498;91678;96716;58516;119650;111224;30330;33012;25098;24162;72286;56044;36654;117500;58094;56364;53814;82220;60778;52180;92560;73420;38366;91108;;;;;;;;;
;;;;;;;;;;;;;;;;;;14802;53422;26852;29184;80032;67256;43632;103120;70070;44498;91680;96718;58522;119650;111214;30328;33010;25100;24162;72282;56044;36654;117506;58094;56366;53822;82220;60778;52190;92568;73412;38332;91120;;;;;;;;;
;;;;;;;;;;;;;;;;;;14560;49204;27584;29030;83256;71988;44600;109314;71358;43960;104274;99044;58846;127962;106164;30330;33010;25100;24164;72280;56044;36654;117508;58094;56380;53824;82220;60780;52202;92460;73398;38346;91120;;;;;;;;;
;;;;;;;;;;;;;;;;;;14566;49206;27584;29038;83236;71986;44602;109312;71342;43978;104268;99042;58870;127962;106156;30852;31436;27080;24390;83776;52444;36586;123916;60306;48632;62512;53278;60418;54578;71910;72750;33682;71940;;;;;;;;;
;;;;;;;;;;;;;;;;;;14566;49206;27578;29040;83212;71982;44596;109312;71350;43978;104266;99042;58876;127964;106154;30850;31432;27080;24390;83776;52440;36586;123912;60306;48632;62514;53274;60410;54564;71910;72760;33680;71936;;;;;;;;;
;;;;;;;;;;;;;;;;;;14566;49206;27574;29042;83144;71984;44596;109316;71350;43978;104262;99042;58878;127972;106154;30848;31430;27080;24390;83774;52438;36516;123918;60312;48632;62504;53282;60408;54552;71912;72760;33680;71948;;;;;;;;;
;;;;;;;;;;;;;;;;;;14566;49202;27572;29042;83140;71982;44596;109314;71344;43978;104272;99050;58878;127972;106154;30848;31430;27080;24390;83768;52438;36586;123918;60306;48624;62502;53282;60408;54562;71910;72748;33680;71952;;;;;;;;;
;;;;;;;;;;;;;;;;;;15176;55184;25172;29256;82896;68058;43718;91348;79594;43476;114970;99242;58502;128590;104516;30848;31434;27080;24394;83766;52438;36518;123922;60308;48622;62502;53286;60408;54576;71910;72748;33680;71952;;;;;;;;;
;;;;;;;;;;;;;;;;;;15176;55184;25172;29258;82878;68056;43718;91346;79588;43476;114978;99248;58502;128596;104516;30852;31436;27080;24394;83766;52440;36514;123920;60306;48624;62512;53286;60418;54590;71910;72748;33680;71952;;;;;;;;;
;;;;;;;;;;;;;;;;;;15176;55182;25172;29258;82872;68058;43712;91346;79586;43476;114970;99250;58502;128596;104514;30430;34478;26934;24118;82018;54390;36214;104960;65144;48964;69160;68112;60716;38240;69758;73056;52892;75256;;;;;;;;;
;;;;;;;;;;;;;;;;;;15176;55178;25172;29254;82874;68058;43712;91344;79592;43480;114970;99250;58502;128594;104524;30424;34480;26932;24116;82016;54388;36214;104958;65150;48964;69170;68110;60716;38246;69756;73066;52892;75254;;;;;;;;;
;;;;;;;;;;;;;;;;;;15176;55180;25172;29254;82866;68058;43712;91346;79588;43482;114964;99250;58502;128594;104526;30422;34482;26932;24116;82010;54388;36214;104952;65150;48964;69180;68110;60714;38248;69754;73068;52892;75252;;;;;;;;;
;;;;;;;;;;;;;;;;;;14794;50948;33460;29012;83540;55374;43930;104682;74306;43870;129780;98396;58778;105494;124930;30424;34486;26932;24116;82008;54388;36208;104958;65152;48964;69172;68112;60716;38238;69754;73068;52906;75250;;;;;;;;;
;;;;;;;;;;;;;;;;;;14792;50946;33460;29012;83540;55374;43936;104678;74306;43870;129790;98386;58778;105482;124940;30424;34482;26934;24116;82012;54388;36212;104960;65146;48964;69162;68112;60716;38224;69766;73068;52906;75252;;;;;;;;;
;;;;;;;;;;;;;;;;;;14794;50944;33458;29012;83536;55374;43932;104678;74306;43864;129790;98378;58778;105470;124940;30424;34482;26934;24120;82014;54388;36214;104966;65144;48958;69152;68112;60716;38224;69768;73068;52904;75252;;;;;;;;;
;;;;;;;;;;;;;;;;;;14794;50948;33458;29012;83534;55378;43932;104678;74306;43868;129784;98376;58770;105474;124932;30896;33042;26914;24596;78798;53026;36892;96886;62002;48614;85262;74158;60328;72422;78564;72542;85878;63248;;;;;;;;;
;;;;;;;;;;;;;;;;;;14794;50952;33460;29012;83534;55378;43934;104676;74308;43870;129778;98384;58778;105484;124930;30890;33040;26912;24598;78800;53022;36892;96886;61996;48614;85252;74154;60330;72422;78574;72542;85864;63252;;;;;;;;;
;;;;;;;;;;;;;;;;;;15386;52004;35890;29250;82758;55984;43734;106198;79038;43888;119256;101862;58490;114252;113720;30886;33040;26912;24598;78802;53022;36892;96892;62170;48614;85242;74154;60328;72430;78574;72542;85862;63238;;;;;;;;;
;;;;;;;;;;;;;;;;;;15386;52000;35890;29250;82756;55988;43728;106196;79040;43888;119248;101860;58496;114262;113710;30886;33044;26914;24596;78802;53020;36892;96894;62170;48620;85252;74154;60328;72434;78568;72542;85874;63236;;;;;;;;;
;;;;;;;;;;;;;;;;;;15386;52002;35892;29250;82760;55982;43728;106196;79042;43882;119236;101852;58498;114270;113708;30884;33046;26914;24596;78798;53024;36892;96894;62002;48622;85260;74154;60336;72434;78564;72542;85888;63236;;;;;;;;;
;;;;;;;;;;;;;;;;;;15386;52004;35892;29250;82762;55984;43732;106188;79042;43882;119242;101858;58498;114258;113712;30884;33044;26914;24596;78798;53024;36892;96886;62002;48622;85270;74164;60338;72422;78564;72530;85888;63248;;;;;;;;;
;;;;;;;;;;;;;;;;;;15388;52006;35892;29250;82764;55984;43734;106190;79044;43882;119250;101860;58498;114246;113720;30660;32732;26380;24054;75926;56180;36602;103054;56372;48848;88448;78266;60688;26780;98482;72450;50176;78136;;;;;;;;;
;;;;;;;;;;;;;;;;;;14518;54126;24646;29018;82192;67960;44614;112482;69580;43820;97722;94570;61312;110400;123844;30656;32734;26378;24054;75926;56178;36602;103054;56376;48848;88448;78270;60696;26776;98388;72450;50190;78132;;;;;;;;;
;;;;;;;;;;;;;;;;;;14518;54126;24644;29018;82186;67956;44614;112486;69578;43822;98194;94570;61318;110400;124082;30656;32734;26380;24056;75930;56178;36602;103052;56378;48848;88450;78270;60698;26776;98382;72450;50190;78132;;;;;;;;;
;;;;;;;;;;;;;;;;;;14518;54122;24644;29014;82184;67956;44614;112486;69578;43816;98196;94564;61320;110406;124080;30658;32734;26380;24058;75936;56178;36602;103052;56378;48848;88450;78280;60698;26788;98392;72460;50190;78132;;;;;;;;;
;;;;;;;;;;;;;;;;;;14518;54120;24646;29014;82184;67956;44614;112486;69578;43816;98196;94562;61312;110418;124078;30656;32732;26380;24058;75938;56178;36602;103052;56372;48840;88450;78274;60698;26788;98392;72462;50178;78144;;;;;;;;;
;;;;;;;;;;;;;;;;;;14518;54122;24646;29018;82186;67956;44608;112478;69572;43816;98196;94562;61312;110418;124068;30658;32730;26380;24058;75932;56174;36602;103052;56372;48840;88448;78270;60690;26788;98396;72450;50178;78148;;;;;;;;;
;;;;;;;;;;;;;;;;;;14604;48556;25554;29180;76096;65768;44096;89346;81326;43806;94310;97532;58570;92298;115258;30726;34056;27568;24450;93586;47398;36768;103474;67816;48646;59936;66260;60222;61260;49530;72544;70170;102076;;;;;;;;;
;;;;;;;;;;;;;;;;;;14604;48558;25552;29180;76100;65764;44102;89344;81322;43806;94320;97540;58572;92286;115266;30726;34054;27566;24450;93578;47396;36768;103468;67808;48646;59946;66506;60214;61250;49524;72544;70158;102064;;;;;;;;;
;;;;;;;;;;;;;;;;;;14604;48558;25552;29180;76096;65762;44102;89338;81324;43810;94316;97534;58564;92270;115268;30726;34054;27564;24450;93578;47396;36772;103460;67808;48646;59946;66456;60214;61238;49520;72554;70156;102056;;;;;;;;;
;;;;;;;;;;;;;;;;;;14604;48556;25552;29180;76090;65766;44102;89336;81324;43812;94306;97534;58564;92276;115268;30724;34054;27564;24450;93578;47392;36774;103464;67814;48646;59938;66410;60214;61236;49520;72556;70144;102070;;;;;;;;;
;;;;;;;;;;;;;;;;;;14602;48556;25552;29178;76086;65768;44096;89344;81324;43812;94300;97532;58564;92286;115258;30724;34056;27564;24450;93580;47390;36774;103472;67814;48644;59928;66410;60214;61244;49520;72556;70156;102062;;;;;;;;;
;;;;;;;;;;;;;;;;;;15274;49644;30776;29938;87000;61442;43922;96096;82170;43990;105882;104426;58682;108458;108516;30726;34056;27564;24452;93582;47390;36774;103482;67816;48646;59926;66402;60214;61256;49530;72544;70156;102062;;;;;;;;;
;;;;;;;;;;;;;;;;;;15274;49646;30776;29970;86998;61438;43940;96094;82174;44004;105874;104420;58706;108462;108564;30276;32514;27286;24172;59806;54518;36444;118774;51776;49096;57580;60940;60940;32474;81816;73136;67580;105340;;;;;;;;;
;;;;;;;;;;;;;;;;;;15272;49648;30772;29970;86998;61440;43938;96100;82176;44002;105868;104418;58714;108472;108600;30270;32516;27286;24180;59810;54518;36460;118780;51772;49112;57572;60940;60970;32486;81816;73136;67580;105342;;;;;;;;;
;;;;;;;;;;;;;;;;;;15272;49648;30772;29970;87000;61442;43936;96100;82176;44002;105868;104418;58714;108466;108610;30272;32512;27286;24180;59806;54514;36464;118788;51770;49112;57562;60940;60970;32490;81816;73136;67592;105342;;;;;;;;;
;;;;;;;;;;;;;;;;;;15272;49646;30772;29974;87004;61442;43934;96094;82176;44008;105878;104418;58708;108452;108612;30270;32512;27286;24180;59800;54512;36466;118782;51770;49112;57560;60940;60970;32478;81816;73124;67606;105342;;;;;;;;;
;;;;;;;;;;;;;;;;;;;;;;;;;;;;;;;;;30272;32512;27286;24184;59788;54512;36466;118774;51770;49112;57570;60940;60978;32466;81816;73124;67606;105330;;;;;;;;;
;;;;;;;;;;;;;;;;;;;;;;;;;;;;;;;;;30270;32514;27286;24182;59792;54510;36466;118764;51770;49112;57580;60940;60980;32466;81816;73124;67594;105316;;;;;;;;;
;;;;;;;;;;;;;;;;;;;;;;;;;;;;;;;;;30684;35396;27232;24294;65442;55956;36802;99172;59636;48656;69456;63322;60174;40306;72876;72728;53388;98290;;;;;;;;;
;;;;;;;;;;;;;;;;;;;;;;;;;;;;;;;;;30680;35396;27230;24290;65440;55954;36802;99160;59638;48656;68996;63324;60182;40294;72876;72748;53388;98290;;;;;;;;;
;;;;;;;;;;;;;;;;;;;;;;;;;;;;;;;;;30680;35394;27228;24290;65440;55952;36802;99152;59632;48656;68996;63324;60184;40294;72866;72740;53388;98278;;;;;;;;;
;;;;;;;;;;;;;;;;;;;;;;;;;;;;;;;;;30680;35390;27228;24290;65446;55952;36796;99160;59630;48656;69006;63330;60184;40294;72862;72786;53374;98286;;;;;;;;;
;;;;;;;;;;;;;;;;;;;;;;;;;;;;;;;;;30680;35392;27228;24292;65448;55952;36796;99164;59630;48648;69466;63330;60184;40306;72872;72798;53374;98286;;;;;;;;;
;;;;;;;;;;;;;;;;;;;;;;;;;;;;;;;;;30682;35392;27226;24294;65444;55956;36800;99174;59636;48650;69458;63330;60174;40306;72872;72810;53376;98290;;;;;;;;;
;;;;;;;;;;;;;;;;;;;;;;;;;;;;;;;;;30574;31050;26528;24278;71414;54892;36448;120476;50548;48922;81312;71714;67484;62982;63698;73162;34666;85744;;;;;;;;;
;;;;;;;;;;;;;;;;;;;;;;;;;;;;;;;;;30570;31048;26526;24278;71418;54892;36442;120482;50548;48918;81294;71708;67474;62994;63700;73162;34674;85740;;;;;;;;;
;;;;;;;;;;;;;;;;;;;;;;;;;;;;;;;;;30568;31050;26526;24278;71414;54892;36442;120490;50548;48918;81292;71708;67464;62996;63690;73162;34658;85740;;;;;;;;;
;;;;;;;;;;;;;;;;;;;;;;;;;;;;;;;;;30568;31052;26526;24274;71412;54896;36442;120482;50548;48918;81302;71686;67464;62996;63686;73162;34656;85752;;;;;;;;;
;;;;;;;;;;;;;;;;;;;;;;;;;;;;;;;;;30566;31054;26526;24276;71408;54896;36442;120474;50548;48918;81302;71684;67472;62984;63688;73162;34656;85752;;;;;;;;;
;;;;;;;;;;;;;;;;;;;;;;;;;;;;;;;;;30566;31052;26526;24278;71412;54894;36446;120466;50548;48924;81294;71684;67464;62982;63686;73162;34672;85756;;;;;;;;;
;;;;;;;;;;;;;;;;;;;;;;;;;;;;;;;;;30808;28574;28064;24356;81814;52792;36700;98254;42592;48544;85354;57708;60196;35502;49918;73550;54218;63210;;;;;;;;;
;;;;;;;;;;;;;;;;;;;;;;;;;;;;;;;;;30806;28574;28064;24358;81814;52786;36696;98252;42584;48544;85362;57708;60194;35498;49924;73550;54218;63212;;;;;;;;;
;;;;;;;;;;;;;;;;;;;;;;;;;;;;;;;;;30806;28572;28062;24360;81816;52790;36694;98250;42568;48544;85362;57708;60194;35500;49924;73550;54220;63212;;;;;;;;;
;;;;;;;;;;;;;;;;;;;;;;;;;;;;;;;;;30804;28574;28064;24358;81816;52786;36694;98248;42562;48544;85362;57708;60204;35500;49924;73560;54220;63200;;;;;;;;;
;;;;;;;;;;;;;;;;;;;;;;;;;;;;;;;;;30804;28574;28064;24356;81816;52786;36698;98252;42562;48544;85354;57708;60204;35500;49924;73562;54220;63196;;;;;;;;;
;;;;;;;;;;;;;;;;;;;;;;;;;;;;;;;;;30802;28572;28064;24356;81814;52784;36700;98258;42562;48544;85352;57716;60204;35500;49914;73550;54218;63194;;;;;;;;;
;;;;;;;;;;;;;;;;;;;;;;;;;;;;;;;;;30428;36762;27528;24158;65668;54618;48760;101836;46694;48982;80594;77854;60700;33364;89804;73380;46662;88382;;;;;;;;;
;;;;;;;;;;;;;;;;;;;;;;;;;;;;;;;;;30426;36760;27528;24158;65668;54618;48760;101838;46696;48982;80594;77856;60700;33364;89800;73380;46648;88366;;;;;;;;;
;;;;;;;;;;;;;;;;;;;;;;;;;;;;;;;;;30426;36756;27530;24160;65668;54624;48760;101830;46696;48982;80594;77824;60700;33362;89800;73380;46648;88376;;;;;;;;;
;;;;;;;;;;;;;;;;;;;;;;;;;;;;;;;;;30424;36754;27530;24162;65662;54620;48760;101822;46696;48988;80594;77788;60700;33416;89800;73390;46646;88376;;;;;;;;;
;;;;;;;;;;;;;;;;;;;;;;;;;;;;;;;;;30422;36758;27528;24162;65662;54618;48764;101820;46696;48984;80594;77766;60692;33362;89810;73392;46660;88380;;;;;;;;;
;;;;;;;;;;;;;;;;;;;;;;;;;;;;;;;;;30422;36762;27528;24158;65662;54618;48766;101828;46696;48982;80596;77758;60690;33418;89816;73392;46662;88368;;;;;;;;;
;;;;;;;;;;;;;;;;;;;;;;;;;;;;;;;;;31008;34680;30976;24348;80856;44048;36624;114310;50730;48612;123250;70218;60510;50888;68608;72678;63732;76644;;;;;;;;;
;;;;;;;;;;;;;;;;;;;;;;;;;;;;;;;;;31008;34680;30976;24348;80860;44044;36624;114302;50726;48612;123248;70214;60510;50886;68846;72666;63734;76200;;;;;;;;;
;;;;;;;;;;;;;;;;;;;;;;;;;;;;;;;;;31008;34682;30976;24348;80866;44040;36618;114304;50722;48612;123246;70214;60520;50892;68846;72666;63734;76208;;;;;;;;;
;;;;;;;;;;;;;;;;;;;;;;;;;;;;;;;;;31008;34684;30976;24348;80868;44038;36624;114306;50720;48612;123256;70214;60510;50894;68846;72666;63732;76208;;;;;;;;;
;;;;;;;;;;;;;;;;;;;;;;;;;;;;;;;;;31008;34682;30978;24348;80864;44038;36624;114316;50720;48612;123258;70224;60510;50894;68856;72666;63734;76208;;;;;;;;;
;;;;;;;;;;;;;;;;;;;;;;;;;;;;;;;;;31008;34680;30978;24348;80858;44038;36624;114316;50726;48608;123258;70226;60510;50884;68860;72676;63734;76212;;;;;;;;;
;;;;;;;;;;;;;;;;;;;;;;;;;;;;;;;;;30610;30502;27616;24218;70646;51552;36408;88840;64086;49084;90862;84432;60724;51716;62252;73062;43504;87770;;;;;;;;;
;;;;;;;;;;;;;;;;;;;;;;;;;;;;;;;;;30610;30502;27614;24220;70640;51552;36408;88846;64086;49084;90854;84444;60724;51704;62250;73062;43502;87758;;;;;;;;;
;;;;;;;;;;;;;;;;;;;;;;;;;;;;;;;;;30610;30506;27614;24218;70638;51552;36408;88854;64086;49084;90842;84444;60724;51692;62250;73050;43502;87754;;;;;;;;;
;;;;;;;;;;;;;;;;;;;;;;;;;;;;;;;;;30610;30510;27618;24218;70638;51552;36404;88862;64086;49082;90842;84448;60724;51702;62250;73060;43516;87754;;;;;;;;;
;;;;;;;;;;;;;;;;;;;;;;;;;;;;;;;;;30608;30508;27618;24218;70644;51552;36402;88858;64086;49084;90848;84438;60722;51714;62250;73062;43518;87754;;;;;;;;;
;;;;;;;;;;;;;;;;;;;;;;;;;;;;;;;;;30608;30504;27618;24218;70644;51552;36402;88850;64086;49084;90858;84436;60724;51724;62250;73062;43518;87768;;;;;;;;;
;;;;;;;;;;;;;;;;;;;;;;;;;;;;;;;;;30868;36328;28178;24262;62108;44020;36920;99748;52298;48580;63240;61378;60400;81046;51070;72302;54780;112578;;;;;;;;;
;;;;;;;;;;;;;;;;;;;;;;;;;;;;;;;;;30864;36330;28176;24264;62114;44018;36920;99744;52298;48580;63248;61378;60398;81056;51068;72302;54792;112590;;;;;;;;;
;;;;;;;;;;;;;;;;;;;;;;;;;;;;;;;;;30864;36330;28176;24264;62114;44018;36920;99736;52298;48580;63256;61378;60398;81058;51068;72302;54796;112592;;;;;;;;;
;;;;;;;;;;;;;;;;;;;;;;;;;;;;;;;;;30864;36328;28176;24264;62118;44022;36916;99732;52298;48586;63256;61374;60398;81046;51068;72302;54786;112592;;;;;;;;;
;;;;;;;;;;;;;;;;;;;;;;;;;;;;;;;;;30866;36324;28180;24264;62118;44022;36914;99734;52298;48582;63248;61374;60406;81032;51078;72302;54772;112594;;;;;;;;;
;;;;;;;;;;;;;;;;;;;;;;;;;;;;;;;;;30866;36326;28180;24264;62118;44024;36914;99740;52304;48580;63238;61382;60408;81032;51082;72302;54768;112580;;;;;;;;;
;;;;;;;;;;;;;;;;;;;;;;;;;;;;;;;;;31580;36324;27092;24168;72196;47772;36112;101498;50866;48958;95846;62882;60872;90164;82676;73088;86828;86178;;;;;;;;;
;;;;;;;;;;;;;;;;;;;;;;;;;;;;;;;;;31580;36330;27094;24168;72190;47776;36104;101504;50860;48958;95848;62882;60862;90170;82610;73088;86826;86178;;;;;;;;;
;;;;;;;;;;;;;;;;;;;;;;;;;;;;;;;;;31576;36330;27092;24168;72184;47778;36100;101498;50858;48956;95848;62886;60862;90174;82612;73088;86826;86178;;;;;;;;;
;;;;;;;;;;;;;;;;;;;;;;;;;;;;;;;;;31576;36330;27090;24168;72182;47778;36104;101496;50864;48962;95842;62886;60862;90176;82608;73078;86824;86190;;;;;;;;;
;;;;;;;;;;;;;;;;;;;;;;;;;;;;;;;;;31574;36326;27090;24168;72186;47774;36106;101490;50864;48964;95842;62878;60870;90176;82608;73076;86826;86194;;;;;;;;;
;;;;;;;;;;;;;;;;;;;;;;;;;;;;;;;;;31568;36324;27090;24166;72192;47772;36106;101496;50866;48956;95842;62874;60872;90164;82608;73086;86826;86180;;;;;;;;;
